Protein_ID,Label,Pred_Prob
NIP3,1,0.991139599623872
sp|A0A3B7TNF2|BLN04_BRELC,1,0.8357105515402509
tr|A0A329SC59|A0A329SC59_9STRA,1,0.9060812531222125
NFTP_OFTP_SPD7,1,0.9487901699298242
NFTP_OFTP_W2MG57|PHI7911|Ppxyn1,1,0.10155936808584792
NFTP_OFTP_Avr5_Cladosporium_fulvum,1,0.7692049405320964
tr|G4ZCT0|G4ZCT0_PHYSP,1,0.8398756413280777
sp|P0CV14|RLR48_PLAVT,1,0.8308026970503875
NFTP_EGTP_positive25|1,1,0.9173692489411311
tr|A0A329S5L0|A0A329S5L0_9STRA,1,0.8873639161013271
tr|Q572I9|Q572I9_PHYIN,1,0.8307868517551465
NFTP_EGTP_positive28|1,1,0.040578037247487715
NFTP_OFTP_AvrM,1,0.3879010137129209
tr|Q572H5|Q572H5_PHYIN,1,0.831072320202789
tr|G4ZYW6|G4ZYW6_PHYSP,1,0.8312839146215943
tr|F6MF02|F6MF02_HYAAB,1,0.8307930264201442
tr|A0A329S8A1|A0A329S8A1_9STRA,1,0.9067469301926213
NFTP_OFTP_Q99174|PHI2849|Cuta,1,0.03567871157692496
NFIP_OFITP_AOS49611.1,1,0.9487735695008594
tr|Q572E8|Q572E8_PHYIN,1,0.8307864783680936
tr|G5A723|G5A723_PHYSP,1,0.883350645662967
tr|A0A329S007|A0A329S007_9STRA,1,0.8325867166133688
NFTP_OFTP_SIX3,1,0.9487691763766275
NFTP_OFTP_NEP1,1,0.9487689954880862
tr|G4ZTM5|G4ZTM5_PHYSP,1,0.8494572492755712
tr|Q572G7|Q572G7_PHYIN,1,0.8309382268147582
PstSCR1,1,0.9488264263200663
ATR39-1,1,0.1604054472938341
NFTP_OFTP_CgEP1_Colletotrichum_graminicola,1,0.9488338220200565
tr|D0N0R0|D0N0R0_PHYIT,1,0.847605985099076
tr|A0A329SDF5|A0A329SDF5_9STRA,1,0.91342259807567
tr|G4ZF61|G4ZF61_PHYSP,1,0.8320803517972098
NFTP_OFTP_Q00298|PHI69|Cuta,1,0.007923343030525762
Avr1-CO39,1,0.9487922189320157
ATR13,1,0.031198737529887083
tr|A0A329SYY8|A0A329SYY8_9STRA,1,0.8308252758448753
tr|D0P387|D0P387_PHYIT,1,0.8307870776251832
tr|Q572D8|Q572D8_PHYIN,1,0.8307932967608745
tr|M4C579|M4C579_HYAAE,1,0.8743549649622208
tr|G5A7L0|G5A7L0_PHYSP,1,0.8754111651429647
sp|A0A182BSS2|RLR49_PLAVT,1,0.8309483411977964
tr|A0A0W8DCK3|A0A0W8DCK3_PHYNI,1,0.830787069896641
tr|A0A329T585|A0A329T585_9STRA,1,0.8360995610841
Lysm1,1,0.9488624933998894
sp|P0CV44|RL111_PLAVT,1,0.8311052925658712
BAS107,1,0.9487759640792122
GIP1,1,0.09400417382184857
tr|A0A0W8DJ21|A0A0W8DJ21_PHYNI,1,0.8307868156152637
tr|G4ZYW8|G4ZYW8_PHYSP,1,0.8838268398263373
NFTP_OFTP_AVR2_protein_Cladosporium_fulvum,1,0.9488667761035022
AvrL2-A,1,0.9487878914980858
tr|G4YE16|G4YE16_PHYSP,1,0.9136535903173599
tr|A0A329S4B0|A0A329S4B0_9STRA,1,0.8428389223033558
sp|D0NVS7|CRE15_PHYIT,1,0.9084605467579642
tr|A0A329SB41|A0A329SB41_9STRA,1,0.8819809595447252
Ave1,1,0.9487647875317249
tr|A0A329SB40|A0A329SB40_9STRA,1,0.8682561586158772
tr|A0A833WMK0|A0A833WMK0_PHYIN,1,0.8307864543234983
tr|A0A329SZQ2|A0A329SZQ2_9STRA,1,0.8315374988184328
sp|D0NMF6|SFI5_PHYIT,1,0.8618249795523951
tr|A0A329RPQ4|A0A329RPQ4_9STRA,1,0.8312805668020516
tr|A0A329RYQ8|A0A329RYQ8_9STRA,1,0.8307841671211657
sp|A0A172M477|RLR67_PLAVT,1,0.830787476414021
tr|E0W5D8|E0W5D8_PHYSO,1,0.8777153084835074
tr|G4ZK77|G4ZK77_PHYSP,1,0.8308006379578396
NFTP_OFTP_ECP2_Cladosporium_fulvum,1,0.9488193053546214
tr|G4Z2E0|G4Z2E0_PHYSP,1,0.8555091373016748
sp|A0A3F2YED3|BLN03_BRELC,1,0.8442686252140381
tr|A0A3B7TND7|A0A3B7TND7_BRELC,1,0.8937470548541255
NFTP_OFTP_AVR-Pik,1,0.9487980118737284
sp|P0CV53|RL126_PLAVT,1,0.830947304709705
AvrStb6,1,0.9488514711345172
sp|A0A172M4N0|RLR28_PLAVT,1,0.8307866769976984
sp|G5A8M1|AV240_PHYSP,1,0.8850137616041935
sp|P0CV13|RLR47_PLAVT,1,0.841800157278308
tr|G4Z833|G4Z833_PHYSP,1,0.8307867639802884
tr|Q572F0|Q572F0_PHYIN,1,0.8307864785264697
tr|Q572J2|Q572J2_PHYIN,1,0.8307939872404992
tr|A0A329S239|A0A329S239_9STRA,1,0.8386150058927719
tr|A0A329SV74|A0A329SV74_9STRA,1,0.8324927504754912
SP7,1,0.9487904304910272
tr|B2C6F3|B2C6F3_PHYSO,1,0.9018543290713096
AvrLm3,1,0.9487773858116919
CSEP0162,1,0.9488458239919487
tr|A0A2H4X1V4|A0A2H4X1V4_9STRA,1,0.8307905577804702
SPD10,1,0.9488373343286692
tr|Q572G3|Q572G3_PHYIN,1,0.8308523407805469
NFTP_OFTP_See1_Ustilago_maydis_,1,0.9487465052814056
tr|Q572I4|Q572I4_PHYIN,1,0.8307866102847855
NFTP_OFTP_O42719|PHI764|Inf2b,1,0.9488365234136424
NFTP_OFTP_BAS3,1,0.9487850018258047
tr|G3C9Q8|G3C9Q8_HYAAE,1,0.8307868042555386
CRN2,1,0.22469641322540493
SIX7,1,0.9487889989864017
tr|A0A833SV38|A0A833SV38_PHYIN,1,0.8307807772906632
NFTP_OFTP_Q9P470|PHI257|Gas2,1,0.007809633771207617
NFTP_OFTP_Q96TN6|PHI256|Gas1,1,0.005458763100467047
tr|A0A329SV16|A0A329SV16_9STRA,1,0.8529656286238212
Avr5,1,0.7692049405320964
NFTP_OFTP_ECP1_Cladosporium_fulvum,1,0.9488352319365065
tr|D0NEY9|D0NEY9_PHYIT,1,0.8307866242618464
NFTP_OFTP_ToxB,1,0.9487803904224168
sp|P0CV34|RLR91_PLAVT,1,0.8307866464266629
tr|A0A0W8CTF9|A0A0W8CTF9_PHYNI,1,0.830824033023694
tr|G4ZQ50|G4ZQ50_PHYSP,1,0.8775368463609223
PITG_03192,1,0.2969625968171343
tr|A0A329SFC2|A0A329SFC2_9STRA,1,0.8307959956779861
tr|A0A329SQ74|A0A329SQ74_9STRA,1,0.9023796887419883
sp|P0CV57|RL138_PLAVT,1,0.8443621218956308
tr|T2FGL8|T2FGL8_PHYCP,1,0.8739344412806308
AVR1B-1,1,0.5279522995745197
tr|A0A329RYA5|A0A329RYA5_9STRA,1,0.8322582700849066
NFTP_EGVP_positive22|1,1,0.0717431321460336
MoHTR1,1,0.9487565259201173
tr|G4Z6J8|G4Z6J8_PHYSP,1,0.8576642675079104
tr|A0A8A1V6F3|A0A8A1V6F3_PHYCP,1,0.8472328202243257
tr|Q572D1|Q572D1_PHYIN,1,0.8307901000985349
tr|G4YHS5|G4YHS5_PHYSP,1,0.8720228524543826
BEC1011,1,0.9487956049558137
tr|G4YKQ2|G4YKQ2_PHYSP,1,0.9334601383895826
NFTP_OFTP_Q9UV32|PHI176PHI2852|Mig1,1,0.07922035195106085
tr|A0A329T0P2|A0A329T0P2_9STRA,1,0.8308344652573505
sp|A0A0M5K865|CR108_PHYSO,1,0.8777263616558294
sp|A0A3B7TLI7|BLR40_BRELC,1,0.8861148650272159
tr|D0NQ76|D0NQ76_PHYIT,1,0.8800271122468142
sp|A0A172M473|RLR29_PLAVT,1,0.8573833423260498
tr|Q572E0|Q572E0_PHYIN,1,0.8307886402448884
SPD9,1,0.9488119983751445
tr|A0A0W8C4H7|A0A0W8C4H7_PHYNI,1,0.8308072529006569
tr|D0NIG7|D0NIG7_PHYIT,1,0.830745992582838
tr|A0A0W8DGB3|A0A0W8DGB3_PHYNI,1,0.8307582507850527
tr|Q572E5|Q572E5_PHYIN,1,0.8318424829456905
NFTP_OFTP_FGL1_Fusarium_graminearum,1,0.9487642838952353
tr|G5A748|G5A748_PHYSP,1,0.8307877973021344
NFTP_OFTP_AVRk1,1,0.001606923004829493
AvrM14,1,0.9488196712443758
NFTP_OFTP_MoCDIP5,1,0.0198337760145792
tr|A0A329RN01|A0A329RN01_9STRA,1,0.8333519557319844
tr|A7L812|A7L812_PHYSO,1,0.848421535615567
tr|A0A329RWH1|A0A329RWH1_9STRA,1,0.9112463046233521
NPP1,1,0.950215082531945
NFTP_OFTP_SIX2,1,0.9487637173843616
MISSP7,1,0.9487325454716857
tr|D0NF36|D0NF36_PHYIT,1,0.8639007421995469
NFTP_OFTP_AvrPiz-t,1,0.99340643391848
tr|A0A329S9Y3|A0A329S9Y3_9STRA,1,0.831539947291448
sp|P0CV50|RL122_PLAVT,1,0.8488700246650349
tr|D0N7Q1|D0N7Q1_PHYIT,1,0.8307865478264517
Avrfom2,1,0.9487720712220522
sp|E0W544|AVH23_PHYSO,1,0.8312252076498979
tr|B2C6F4|B2C6F4_PHYSO,1,0.933076574256938
tr|G4YP50|G4YP50_PHYSP,1,0.8763675397279351
tr|A0A833T392|A0A833T392_PHYIN,1,0.8307307960712614
tr|A0A329SC93|A0A329SC93_9STRA,1,0.830786895655188
BAS162,1,0.948788533706702
tr|G5A914|G5A914_PHYSP,1,0.9079742690852802
tr|A0A329SWM8|A0A329SWM8_9STRA,1,0.832186860634352
tr|A0A329SG52|A0A329SG52_9STRA,1,0.8307954422630851
NFTP_OFTP_MoCDIP2,1,0.010353739970766511
tr|G4ZH34|G4ZH34_PHYSP,1,0.9002181909317148
tr|F6MF07|F6MF07_HYAAB,1,0.8308547421970054
NFTP_OFTP_Q5AA09|PHI3516|Pga26,1,0.2106081024350063
tr|G4YED1|G4YED1_PHYSP,1,0.8640040839858756
BAS2,1,0.9487869724807304
tr|A0A329SD52|A0A329SD52_9STRA,1,0.8731062066740884
tr|A0A329T211|A0A329T211_9STRA,1,0.8312675657731368
tr|D0MY50|D0MY50_PHYIT,1,0.8307945521303102
tr|G5A4Y5|G5A4Y5_PHYSP,1,0.8718904995848435
tr|E0W5E1|E0W5E1_PHYSO,1,0.8856370207388057
tr|G4ZZX5|G4ZZX5_PHYSP,1,0.8686333547850439
tr|A0A329RFS9|A0A329RFS9_9STRA,1,0.8311080236960778
tr|G4ZAZ4|G4ZAZ4_PHYSP,1,0.888544373278009
NFTP_OFTP_AVRA13_CSEP0372_Blumeria_graminis,1,0.9558473494034618
NFTP_OFTP_AvrSr50,1,0.9487855517305922
AvrM,1,0.3879010137129209
tr|D0NTJ2|D0NTJ2_PHYIT,1,0.9083374268385114
tr|Q572J5|Q572J5_PHYIN,1,0.8307864985907965
Pit2,1,0.9487859121607742
NFTP_OFTP_lug6,1,0.9487622855346759
tr|A0A329RTG3|A0A329RTG3_9STRA,1,0.8326054280232797
sp|B1NNT7|AVR4_PHYIT,1,0.8748776923952619
jgi|Cocmi1|25269|fgenesh1_pg.43_#_53,0,0.033176448296246816
NFTN_EGTN_5785|0,0,0.06801253625197104
jgi|Cocsa1|47875|gw1.18.126.1,0,0.021419637269410857
jgi|Colhig2|8082|CH63R_06874T0,0,0.030563889073709057
jgi|Venin1|23094|atg8496.t1,0,0.02842161628892586
NFTN_EGTN_6494|0,0,0.001372432332849796
jgi|Maggr1|120854|MGG_12484T0,0,0.010096132923186936
jgi|Botci1|5764|BC1T_00642,0,0.006454696246789578
jgi|Dicsq1|111266|estExt_Genewise1Plus.C_490054,0,6.911739266681506e-05
jgi|Sclci1|1217149|fgenesh1_kg.63_#_71_#_Locus3082v1rpkm50.87,0,0.008194340305432883
tr|H3GME1|H3GME1_PHYRM,0,0.0033346168248947878
jgi|Physo3|347994|estExt_Genemark1.C_10_t10439,0,0.04490501589378127
RQM12226.1,0,0.06185870482315553
jgi|Venin1|17605|atg4061.t1,0,0.04416607416666742
NCU02855T0,0,0.5735321396863012
jgi|Fusox2|14265|FOXG_14632T0,0,0.16348360727867944
jgi|Physo3|312600|fgenesh1_pm.3_#_121,0,0.0059123050974098975
jgi|Pismi1|676355|fgenesh1_kg.19_#_105_#_Locus15588v1rpkm2.04,0,0.012005989070564575
jgi|Undpi1|6965|HiC_scaffold_21.g09439.m1,0,0.000926886033900818
jgi|Hydpi2|114857|fgenesh1_kg.22_#_203_#_Locus22484v1rpkm0.77,0,0.010630836160395108
jgi|Phyinf1|4028|rna10429,0,0.02737509896105264
jgi|Fusgr1|12195|FGSG_13782T0,0,0.7442629871791742
XP_012200047.1,0,0.007650026756544928
jgi|Melli2_A|3868219|fgenesh1_kg.11_#_26656_#_TRINITY_GG_45732_c0_g1_i1,0,0.02194588890670261
jgi|Metro1|6044|MAA_03596T0,0,0.0271258285994677
jgi|Botci1|5411|BC1T_04660,0,0.030350609106196802
NFTN_EGTN_6196|0,0,0.0015066191749972548
jgi|Colgr1|7864|GLRG_09115T0,0,0.021928316578185315
jgi|Pismi1|380301|CE255849_134,0,0.007446095517850317
jgi|Lacbi2|658875|estExt_fgenesh1_kg.C_LG_90134,0,0.0018804103006434876
jgi|Clafu1|191443|scf7180000130411_G6180,0,0.04149651574216489
jgi|Glotr1_1|71987|estExt_Genewise1Plus.C_00003_t20113,0,0.0029209795991557517
PGT21_036675-T1,0,0.0009734332814406221
jgi|Fomme1|21929|fgenesh1_kg.8_#_695_#_isotig09523,0,0.002286940468731193
jgi|Colgr1|1739|GLRG_04392T0,0,0.004432797478987825
jgi|Amath1|60180|fgenesh1_kg.26_#_85_#_isotig21326,0,0.006858773294442563
jgi|Metro1|2198|MAA_07812T0,0,0.02885344112875874
jgi|Verda1|4931|VDAG_08583T0,0,0.0006229818904873643
jgi|Melli2_A|203258|CE185742_521,0,0.002121285257791844
jgi|Lacbi2|679701|fgenesh3_kg.LG_1_#_605_#_Locus_46751_Transcript_1/1_Confidence_1.000,0,0.008277545228253275
PGT21_005122-T1,0,0.20317314505016162
jgi|Gymlu1|175062|e_gw1.55.109.1,0,0.003001419002057293
tr|K3WZR9|K3WZR9_GLOUD,0,0.000919169676274286
jgi|Venin1|16302|atg140.t1,0,0.05549674922899692
jgi|Conpu1|133014|estExt_Genewise1Plus.C_200064,0,5.594727786521467e-05
jgi|Undpi1|1853|HiC_scaffold_12.g05240.m1,0,0.010074424218185263
jgi|Melli2_A|3739453|fgenesh1_kg.9_#_58859_#_TRINITY_GG_30598_c1_g1_i1,0,0.007368784820362655
jgi|Blugra3_16|5523|rna-BGT96224V316_LOCUS5612,0,0.7848858118505948
jgi|Claok1|2388|g6541.t1,0,0.0004802647176761527
NFTN_EGTN_1715|0,0,0.00018684941019378034
jgi|Mycgr3|88845|fgenesh1_pg.C_chr_1000262,0,0.0005934658942569344
jgi|Conpu1|132643|estExt_Genewise1Plus.C_180459,0,0.011648947513535514
NCU09196T0,0,0.0007385757100694796
jgi|Trave1|162601|estExt_Genewise1Plus.C_3_t20245,0,0.09423710575699469
jgi|Venin1|25907|atg11078.t1,0,0.04859318747924633
jgi|Sebve1|330379|fgenesh1_kg.27_#_17_#_Locus5034v1rpkm29.25,0,0.0010377413353833398
jgi|Colhig2|10295|CH63R_09087T0,0,0.029153832734012532
jgi|Ascra1|3526|ST47_g5391T0,0,0.029596319819590797
jgi|Tulca1|79390|e_gw1.172.51.1,0,0.004906272519985688
jgi|Plicr1|95895|estExt_fgenesh1_pm.C_240003,0,0.0001313169046668279
jgi|Stano2|3399|SNOG_09934.3,0,0.000686998843033472
jgi|Altal1|1026316|fgenesh1_kg.37_#_77_#_Locus1837v1rpkm84.78,0,0.6177654417041363
jgi|Canalb1|56403|CAALFM_C502830WAT0,0,0.0023484191235710857
jgi|Hydpi2|169905|fgenesh1_pg.32_#_12,0,0.0008091092790847099
PGT21_030649-T1,0,0.01579037845143803
jgi|Lepmu1|6312|Lema_T022860.1,0,0.007750729312317753
jgi|Colhig2|5894|CH63R_04686T0,0,0.0001350534796062777
jgi|Agabi_varbur_1|116259|estExt_fgenesh1_kg.C_260032,0,0.00024041250623533568
jgi|Maggr1|117897|MGG_06004T0,0,0.049892115069101343
AO090001000134,0,0.044624263295576255
jgi|Clafu1|189850|scf7180000130296_G11843,0,0.09042292137128374
jgi|Cocmi1|24302|fgenesh1_pg.29_#_66,0,0.00023457307325046114
jgi|Batde5|87357|GP3.029160,0,0.008438115359905704
jgi|Metro1|6827|MAA_10392T0,0,0.001442378472364868
jgi|Hypsu1|202342|gm1.6427_g,0,0.0009499541834398526
jgi|Botci1|7017|BC1T_05646,0,0.006475231310619227
jgi|Venin1|26528|atg12975.t1,0,0.0002998745162025262
tr|F0WJJ1|F0WJJ1_9STRA,0,0.5136351437341796
jgi|Hypsu1|46798|fgenesh1_kg.94_#_9_#_Locus20014v1rpkm0.54,0,0.002337356128949858
PGT21_026369-T1,0,0.0012135363571286028
jgi|Sebve1|328455|fgenesh1_kg.10_#_91_#_Locus2586v1rpkm70.84,0,0.00405153802451484
NFTN_EGTN_3929|0,0,0.00354768120251094
jgi|Fusox2|20040|FOXG_04055T0,0,0.17122297375235157
jgi|Conpu1|51478|e_gw1.3.258.1,0,0.0031207606687632733
jgi|Moeaph1|2773|PaG_05532T0,0,0.0012233979057758976
jgi|Metro1|53|MAA_01663T0,0,0.030503050527423144
jgi|Hydpi2|34936|gm1.12091_g,0,0.019019772465239584
jgi|Colgr1|1617|GLRG_04294T0,0,0.14441891649357586
NFTN_EGTN_6342|0,0,0.14172913555062183
jgi|Cocvi1|93904|e_gw1.24.365.1,0,0.0002444140964708541
jgi|Melli2_A|3487123|fgenesh1_kg.6_#_70288_#_TRINITY_GG_21511_c0_g1_i2,0,0.6796019981841811
jgi|Mycgr3|71724|estExt_Genewise1Plus.C_chr_50099,0,0.003750238235333644
NFTN_EGTN_4714|0,0,0.1003954110108005
jgi|Fusgr1|3839|FGSG_04203T0,0,0.004519818623636112
jgi|Blugra3_16|3548|rna-BGT96224V316_LOCUS3571,0,0.001004105537509325
jgi|Lepmu1|8954|Lema_T037730.1,0,0.007611407047512665
evm.model.hcontig_000_003.314,0,0.29879914517612105
jgi|Fusox2|2464|FOXG_01323T0,0,0.006770975630404239
jgi|Trave1|37714|fgenesh1_pm.7_#_17,0,0.0006897475574598693
jgi|Pilcr1|13420|gm1.13420_g,0,0.003749325636776563
NFTN_EGTN_2595|0,0,0.045765593223048996
jgi|Colgr1|5206|GLRG_07264T0,0,0.003373779315946815
jgi|Phyinf1|9587|rna6973,0,0.013639805636643302
jgi|Dicsq1|80744|estExt_Genewise1.C_4_t30088,0,0.0011680967352963236
AO090003000714,0,0.003555688545720928
evm.model.pcontig_008.237,0,0.06596929502929709
TDH73568.1,0,0.003481245319431532
jgi|Lacam1|383773|CE248028_1276,0,0.0005119572579966165
TDH71774.1,0,0.4352905660176829
jgi|Sphst1|41766|fgenesh1_pg.4_#_45,0,0.022297462971562047
jgi|Punst1|128568|estExt_fgenesh1_pg.C_200086,0,0.035893923134125795
jgi|Colgr1|130|GLRG_00130T0,0,0.01492290430790132
tr|M4BJ47|M4BJ47_HYAAE,0,0.024102278173674465
jgi|Colhig2|3225|CH63R_02017T0,0,0.3359960375367596
jgi|Amath1|74451|fgenesh1_pm.13_#_56,0,7.032543121231245e-05
PGT21_031519-T1,0,0.043971697669633845
jgi|Physo3|287114|fgenesh1_kg.8_#_101_#_CL66Contig3,0,0.016925695740232807
jgi|Lacbi2|678092|estExt_fgenesh2_kg.C_LG_70039,0,0.17646050513062186
jgi|Amamu1|11273|gm1.5283_g,0,0.002552404403576791
PGT21_019770-T1,0,0.03176900270401108
jgi|Batde5|84629|GP3.001880,0,0.04329553236425587
jgi|Venin1|21932|atg10618.t1,0,0.11837046963060363
jgi|Colhig2|10252|CH63R_09044T0,0,0.011840790102403397
tr|H3GJS8|H3GJS8_PHYRM,0,0.023240454320233896
tr|A0A090C2Q7|A0A090C2Q7_HYAAE,0,0.006843231121069964
jgi|Trave1|144728|estExt_Genewise1.C_3_t60364,0,7.985448912487786e-05
jgi|Melli2_A|3597555|fgenesh1_kg.8_#_4790_#_TRINITY_GG_38656_c1_g1_i1,0,0.015003519149387886
NFTN_EGTN_1640|0,0,0.05568229362584401
jgi|Undpi1|5422|HiC_scaffold_2.g00703.m1,0,0.0012969501936402855
jgi|Amath1|152834|e_gw1.163.26.1,0,0.0001500490427969176
jgi|Altal1|956302|estExt_Genewise1.C_4_t10226,0,0.024768087461285768
jgi|Maggr1|120753|MGG_08376T0,0,0.05012353752536208
jgi|Colgr1|9477|GLRG_02084T0,0,0.05194543225483523
jgi|Mycgr3|102792|estExt_fgenesh1_kg.C_chr_10879,0,0.022383981263678496
jgi|Conpu1|83360|fgenesh1_kg.9_#_121_#_isotig00661,0,0.1558864631343847
jgi|Cormi1|8709|CCM_08733m.01,0,0.0011640788378740603
APA09255.1,0,0.04897037066522316
jgi|Cocvi1|12757|fgenesh1_pg.11_#_37,0,0.0011759404375810253
jgi|Lepmu1|318|Lema_T003180.1,0,0.001726378944225784
XP_008898385.1,0,0.0037202031723803848
jgi|Undpi1|3100|HiC_scaffold_15.g06474.m1,0,0.007379708632166048
jgi|Clafu1|186706|scf7180000128711_G12911,0,0.2586871648997688
jgi|Colgr1|10643|GLRG_02033T0,0,0.017419850522450944
jgi|Cocmi1|87807|e_gw1.25.250.1,0,0.036722942109347206
jgi|Maggr1|120705|MGG_12426T0,0,0.9056783921066113
jgi|Pisti1|24739|gm1.7358_g,0,0.09871301874218737
jgi|Fusgr1|5547|FGSG_04763T0,0,0.09995058464724094
jgi|Phyca11|563119|estExt2_Genewise1.C_PHYCAscaffold_110228,0,0.044470284130662854
jgi|Trave1|52582|gm1.11466_g,0,0.009782542186604301
jgi|Lacbi2|483440|fgenesh1_pm.LG_4_#_551,0,0.0007117377678429715
jgi|Undpi1|6386|HiC_scaffold_20.g08867.m1,0,0.054424053355395366
jgi|Fompi3|1021394|fgenesh1_kg.2_#_149_#_isotig05479,0,0.003591618349348233
NFTN_EGTN_719|0,0,0.6249822218561433
jgi|Suilu1|13858|gm1.6573_g,0,0.0022716761275133664
jgi|Claok1|11243|g9979.t1,0,0.054749673401246514
jgi|Trave1|44602|gm1.3486_g,0,0.011377917839747911
jgi|Colhig2|6315|CH63R_05107T0,0,0.006756180961438497
NFTN_EGTN_6504|0,0,0.023835070286233672
TDH70621.1,0,0.0019421441677709163
jgi|Hypsu1|561306|CE340300_228,0,0.01625337786173468
jgi|Phyinf1|12045|rna15463,0,0.17224646382300404
jgi|Amamu1|172292|fgenesh1_kg.170_#_22_#_Locus18141v1rpkm2.58,0,0.003720770949690724
jgi|Gymlu1|103246|gw1.14.57.1,0,0.01218604446639764
jgi|Copci1|2709|CC1G_03129T0,0,0.015552712222811724
jgi|Verda1|6532|VDAG_01866T0,0,0.007474360856630596
jgi|Gymlu1|33564|fgenesh1_kg.1_#_1247_#_Locus2897v1rpkm66.57,0,0.001086632247437877
PGT21_034423-T1,0,0.016232812717758185
tr|M4BGY0|M4BGY0_HYAAE,0,0.027459941195705252
jgi|Stano2|8912|SNOG_02724.3,0,0.002000204459525507
jgi|Colhig2|8900|CH63R_07692T0,0,0.004216663325902858
jgi|Botci1|13199|BC1T_09883,0,0.008383104703906722
jgi|Verda1|6793|VDAG_02127T0,0,0.0036974516358257844
NFTN_EGTN_5159|0,0,0.00034971434083597066
PITG_04900T0,0,0.8307807848784899
jgi|Lacam1|314879|CE179134_337,0,0.000590720342363514
jgi|Hydpi2|117704|fgenesh1_kg.43_#_49_#_Locus11577v2rpkm1.23,0,0.3409686354186516
jgi|Metro1|9365|MAA_06920T0,0,0.0021863343651895616
AO090020000199,0,0.003947000324496321
jgi|Aspni7|1085799|e_gw1.303.221.1,0,0.03010116644383323
jgi|Amath1|145561|e_gw1.40.113.1,0,0.005794537063638035
XP_012203760.1,0,0.267740218555123
jgi|Phyca11|534566|estExt2_fgenesh1_pg.C_PHYCAscaffold_250055,0,0.8308247001564937
jgi|Agabi_varbur_1|99389|fgenesh1_pm.4_#_682,0,0.0007715310017042716
jgi|Fomme1|16097|fgenesh1_kg.1_#_192_#_isotig08946,0,0.03385388724655645
jgi|Hydpi2|115752|fgenesh1_kg.27_#_103_#_Locus4244v1rpkm57.34,0,0.0010686178739774633
jgi|Sclci1|1222522|fgenesh1_kg.167_#_29_#_Locus3578v1rpkm44.13,0,0.0002751932520987189
jgi|Pismi1|479606|CE355154_6002,0,0.02402698362430804
jgi|Hypsu1|205974|gm1.10059_g,0,0.02178782190376534
PGT21_034143-T1,0,0.013290859524790628
jgi|Stehi1|125789|fgenesh1_kg.19_#_200_#_isotig10640,0,0.23410089316620716
jgi|Suilu1|797160|fgenesh1_kg.2_#_31_#_Locus668v1rpkm260.03,0,0.012965299255222605
jgi|Colhig2|1556|CH63R_01556T0,0,0.1941685720632374
jgi|Pismi1|60878|gw1.125.75.1,0,8.62472268246686e-05
jgi|Verda1|1021|VDAG_05503T0,0,0.0009346433161961406
jgi|Pilcr1|328288|CE228788_1825,0,0.03947032793035805
jgi|Fusgr1|7838|FGSG_06780T0,0,0.05829685585680189
TDH73229.1,0,0.201519029680471
jgi|Physo3|288500|fgenesh1_kg.9_#_92_#_159067,0,0.5183594349619863
jgi|Melli2_B|46996|CE46995_102,0,0.018013188641139502
jgi|Colhig2|9756|CH63R_08548T0,0,0.0014387862054806558
jgi|Pilcr1|94696|fgenesh1_pm.00003_#_299,0,0.002216439097717989
XP_008914662.1,0,0.05765274784657727
jgi|Lepmu1|9426|Lema_T042450.1,0,0.03133078577656286
jgi|Venin1|15474|atg1495.t1,0,0.009408731450742787
jgi|Altal1|723353|CE723352_41201,0,0.018801469314080926
jgi|Punst1|134132|gm1.5357_g,0,0.051533312099643305
NFTN_EGVN_7401|0,0,0.003975633787112605
jgi|Fusgr1|5404|FGSG_02822T0,0,0.0011427969559825116
jgi|Cocsa1|234685|CE30126_250,0,0.06912526185746835
jgi|Mycgr3|101742|estExt_fgenesh1_pm.C_chr_120085,0,8.388102506890445e-05
jgi|Lacbi2|472339|fgenesh1_kg.LG_3_#_737_#_1315679:3,0,0.0007660298588417653
jgi|Cormi1|1679|CCM_01684m.01,0,0.005717893085616485
jgi|Trave1|23117|fgenesh1_pg.11_#_16,0,0.00139897895309339
jgi|Sphst1|263681|gm1.25571_g,0,0.1651998870526153
APA16153.1,0,0.001000582540449256
RQM15242.1,0,0.08338976888108293
p3_t237631_Ust_maydi_v2@um00344@368,0,0.06142537641386406
jgi|Phyca11|19300|fgenesh1_pg.PHYCAscaffold_47_#_4,0,0.05255335017680216
jgi|Parbr1|233|PABG_00233m.01,0,0.14611433378323377
jgi|Physo3|284874|fgenesh1_kg.2_#_220_#_CL1918Contig1,0,0.32874275350406473
jgi|Blugr1|23297|BGHDH14_bghG001169000001001,0,0.000584224122661529
jgi|Fompi3|1028797|fgenesh1_pm.9_#_146,0,0.001987466864730124
jgi|Suilu1|807532|fgenesh1_kg.184_#_8_#_Locus1713v1rpkm105.90,0,0.000996519236256791
XP_008898500.1,0,0.01846500628641937
jgi|Phyinf1|17506|rna13359,0,0.015733786486431908
jgi|Usthor1|82253|UHOR_06100,0,0.04959963833337763
jgi|Claok1|11689|g10306.t1,0,0.0024872943374145825
jgi|Pilcr1|7121|gm1.7121_g,0,0.030299063590964275
jgi|Fusox2|7699|FOXG_11567T0,0,0.052258616880100466
jgi|Colgr1|386|GLRG_00386T0,0,0.04659586917741217
jgi|Amath1|63498|fgenesh1_kg.66_#_22_#_isotig20157,0,0.00017873446086195374
jgi|Phyinf1|4247|rna10650,0,0.43185308510456505
jgi|Fomme1|150522|gm1.852_g,0,0.0027602337987883163
APA13527.1,0,0.02136067770406447
jgi|Pisti1|1001496|fgenesh1_kg.34_#_15_#_Locus18980v1rpkm1.33,0,0.010830340202422028
jgi|Entbi1|2432|EBI_27178m.01,0,0.24646762653545415
jgi|Hydpi2|168409|fgenesh1_pg.16_#_94,0,0.007447539575694374
jgi|Fusgr1|4978|FGSG_03196T0,0,0.00509779954917158
jgi|Batde5|26574|fgenesh1_pg.C_scaffold_10000161,0,0.08674557675164742
AO090005000396,0,0.001742992348682835
jgi|Fusox2|20397|FOXG_04265T2,0,0.07516442388648306
jgi|Cormi1|6471|CCM_06490m.01,0,0.024754712798561757
jgi|Undpi1|2871|HiC_scaffold_14.g06248.m1,0,0.01250254105199885
jgi|Fusox2|25470|FOXG_06892T3,0,0.0017236283282697528
jgi|Lacbi2|307590|Lacbi1.eu2.Lbscf0036g00380,0,0.055126439360062604
jgi|Punst1|78795|estExt_Genewise1.C_1_t10374,0,0.01182986278378383
jgi|Physo3|320903|gm1.478_g,0,0.00022057275457294123
XP_008891642.1,0,0.0060405088698481674
jgi|Mycgr3|95586|fgenesh1_pg.C_chr_9000110,0,0.010723459728760223
jgi|Sphst1|270438|gm1.32328_g,0,0.008655530140133434
jgi|Sebve1|30302|gm1.11574_g,0,0.0007396701325995019
jgi|Sacce1|3217|YJL213W,0,0.09195828588952637
jgi|Maggr1|113245|MGG_13801T0,0,0.010336017135964862
jgi|Clafu1|184441|scf7180000127112_G9541,0,0.02879964769862965
jgi|Lepmu1|9501|Lema_T043200.1,0,0.007718052014901958
jgi|Sacce1|1867|YEL050C,0,0.0006982932316226965
p3_t237631_Ust_maydi_v2@um03615@4114,0,0.0004688297412776041
jgi|Physo3|319425|fgenesh1_pm.12_#_261,0,0.004262489427371626
jgi|Psean1_1|83501|PANT_19c00097,0,0.021352693258894016
NFTN_EGTN_1184|0,0,0.005877161388394082
jgi|Trave1|170356|estExt_Genewise1Plus.C_8_t10361,0,0.023414564105573802
jgi|Punst1|116802|fgenesh1_pm.21_#_25,0,0.004104021898355434
jgi|Fusgr1|10588|FGSG_09142T0,0,0.05361800186967926
jgi|Sebve1|332726|fgenesh1_kg.71_#_37_#_Locus3242v1rpkm54.19,0,0.10542169665281162
jgi|Punst1|133697|gm1.4922_g,0,0.005498600796382258
jgi|Hypsu1|49906|fgenesh1_kg.237_#_1_#_Locus11666v1rpkm2.40,0,0.011367083340896846
jgi|Lacbi2|294894|Lacbi1.estExt_fgenesh2_pg.C_250008,0,0.022260639408742074
jgi|Phyinf1|5725|rna16865,0,0.01016381924376413
tr|H3H9J0|H3H9J0_PHYRM,0,0.005115156795352484
jgi|Colhig2|9169|CH63R_07961T0,0,0.0082925876051063
jgi|Hypsu1|76496|estExt_fgenesh1_pg.C_200062,0,0.07657081738792229
NFTN_EGTN_3722|0,0,0.0035248594662349243
jgi|Cocvi1|24730|gm1.3334_g,0,0.0074337953378834235
jgi|Physo3|294643|fgenesh1_pg.1_#_1816,0,0.0013707581122416484
XP_008900047.1,0,0.004094960518225805
jgi|Lepmu1|5216|Lema_T112410.1,0,0.03222819807693472
jgi|Melli2_A|3190069|fgenesh1_kg.3_#_83633_#_TRINITY_GG_43887_c1_g1_i1,0,0.005824124079201298
NCU16569T0,0,0.008369343479638225
tr|K3WIY5|K3WIY5_GLOUD,0,0.044907707009883835
jgi|Metro1|10106|MAA_06156T0,0,0.16743864731449035
PGT21_014608-T1,0,0.10525714537573654
NFTN_EGTN_4338|0,0,0.002170795266539504
jgi|Glotr1_1|78035|estExt_Genewise1Plus.C_00009_t10426,0,0.00985142620915256
jgi|Fompi3|87820|Fompi1.gm1.5911_g,0,0.002978135787213509
jgi|Usthor1|81689|UHOR_06682,0,0.0007336853585977134
jgi|Colgr1|4398|GLRG_06483T0,0,0.002959145918772176
jgi|Lacbi2|309019|Lacbi1.eu2.Lbscf0003g06580,0,0.025658439643571125
jgi|Suilu1|12978|gm1.5693_g,0,0.00036530716810482687
jgi|Usthor1|82587|UHOR_07579,0,0.025860890545996263
jgi|Fompi3|1024511|fgenesh1_kg.41_#_30_#_isotig03933,0,0.00020907187039951778
jgi|Batde5|27515|fgenesh1_pg.C_scaffold_13000226,0,0.035002392675924705
jgi|Physo3|341590|gm1.21165_g,0,0.32921892012527465
jgi|Maggr1|110470|MGG_08429T0,0,0.0008994561297530849
tr|M4BZQ2|M4BZQ2_HYAAE,0,0.054830900305741
jgi|Phyca11|510788|fgenesh2_kg.PHYCAscaffold_66_#_62_#_4098839:1,0,0.037768548317857385
jgi|Maggr1|115711|MGG_00527T0,0,0.008160769832199637
jgi|Cryne_JEC21_1|5298|CNG01090.t01,0,0.00011364005583413151
jgi|Hebcy2|446573|fgenesh1_kg.16_#_390_#_Locus7596v1rpkm4.26,0,0.0009615740310056677
NFTN_EGTN_4788|0,0,0.0010253752255796654
jgi|Fusgr1|9495|FGSG_08727T0,0,0.03952557282366914
jgi|Cormi1|7256|CCM_07275m.01,0,0.1447877667765445
jgi|Lepmu1|4109|Lema_T105490.1,0,0.008713495354785269
jgi|Rhoto_IFO0880_4|14073|fgenesh1_kg.5_#_981_#_TRINITY_DN1926_c1_g1_i2_mRNA,0,0.0381209004241113
jgi|Paxru1|8528|gm1.775_g,0,0.02887031313394811
tr|H3GKN4|H3GKN4_PHYRM,0,0.0015930805499200268
jgi|Cocsa1|195142|estExt_fgenesh1_pm.C_1_t10326,0,0.14772157143017367
jgi|Cocsa1|32982|fgenesh1_kg.2_#_118_#_Locus5871v1rpkm18.29,0,0.012579257731473248
NFTN_EGTN_1239|0,0,0.0017064633135193464
jgi|Paxin1|10795|gm1.5366_g,0,0.002716404960382856
jgi|Maggr1|110524|MGG_08491T0,0,0.08678375187411302
jgi|Rhoto_IFO0880_4|11235|fgenesh1_kg.15_#_558_#_TRINITY_DN152_c0_g2_i1_mRNA,0,0.012328655317803227
jgi|Blugr1|23768|BGHDH14_bgh00020,0,0.9275508392931503
jgi|Fusgr1|6781|FGSG_05842T0,0,0.0002778535681667998
tr|F0WCU8|F0WCU8_9STRA,0,0.0042578079051801875
jgi|Colhig2|1794|CH63R_13460T0,0,0.019999103723882028
jgi|Fusox2|19898|FOXG_03944T0,0,0.0013961371655549
jgi|Claok1|9256|g8862.t1,0,0.013598861444930093
jgi|Wolco1|80969|e_gw1.13.2.1,0,0.0006010318173706855
PGT21_026200-T1,0,0.04448471810128338
jgi|Verda1|3286|VDAG_07768T0,0,0.01253808464831075
jgi|Ectsil1|21990|rna6513,0,0.021020356402924118
jgi|Metro1|4132|MAA_05675T0,0,0.9316047423558419
PGT21_032648-T1,0,0.005286256389054933
jgi|Stano2|8069|SNOG_14700.3,0,0.0005614576020797997
tr|A0A090BBB6|A0A090BBB6_HYAAE,0,0.01435552511271516
evm.model.pcontig_022.163,0,0.0596608998954227
XP_008908214.1,0,0.09675500250322633
jgi|Plicr1|46252|fgenesh1_kg.18_#_161_#_Locus21722v11rpkm0.14,0,0.03232479273850345
jgi|Pismi1|684553|fgenesh1_kg.129_#_37_#_FWMTHQO01BLL4Z,0,0.010560498155535976
jgi|Melli2_A|788350|CE770834_1833,0,0.004288941763854385
NFTN_EGTN_3427|0,0,0.07224602188842741
NFTN_EGTN_1828|0,0,0.5994372541159451
jgi|Colhig2|4677|CH63R_03469T0,0,0.012541168912345815
tr|F0WIE1|F0WIE1_9STRA,0,0.01112528019764183
jgi|Fusox2|1197|FOXG_00607T0,0,0.019096511552735236
jgi|Copci1|2038|CC1G_02351T0,0,0.0235231911638293
jgi|Ectsil1|29827|rna7677,0,0.023047393185563033
jgi|Sclci1|1207271|fgenesh1_kg.2_#_137_#_Locus10869v5rpkm0.37_PRE,0,0.02413421444422866
jgi|Undpi1|12008|HiC_scaffold_4.g01707.m1,0,0.06811222385275233
NFTN_EGTN_4132|0,0,0.02949356103947767
evm.model.hcontig_225_001.1,0,0.04092794754476799
jgi|Sphst1|174853|e_gw1.75.82.1,0,0.061446239839674344
jgi|Fompi3|1021752|fgenesh1_kg.5_#_9_#_isotig00511,0,0.0008008116219600116
jgi|Picst3|67514|estExt_fgenesh1_pg.C_chr_4.10201,0,0.07928352720685354
jgi|Pilcr1|85528|fgenesh1_pg.00008_#_120,0,0.2570500576941593
NFTN_EGTN_909|0,0,0.005484638577753371
XP_012196293.1,0,0.004870655175616051
jgi|Phyca11|541441|estExt2_Genewise1Plus.C_PHYCAscaffold_60788,0,0.014523200619793966
jgi|Hypsu1|167926|estExt_Genewise1.C_570033,0,0.0007298481404940994
jgi|Fusgr1|12405|FGSG_11229T0,0,0.051071200298919824
jgi|Colgr1|5918|GLRG_07697T0,0,0.0053072889196285455
jgi|Sclci1|110548|e_gw1.14.136.1,0,0.0012655683171445638
jgi|Hydpi2|106940|fgenesh1_kg.3_#_611_#_Locus2419v1rpkm105.26,0,0.1006416654906162
jgi|Trave1|130750|e_gw1.10.598.1,0,0.000791598783230604
jgi|Clafu1|186112|scf7180000128021_G6925,0,0.00015498363580987621
NFTN_EGTN_888|0,0,0.002621537583905736
jgi|Cocmi1|105638|e_gw1.175.2.1,0,0.03536169909417675
jgi|Fompi3|144421|Fompi1.estExt_Genewise1Plus.C_480086,0,0.0012729031171297455
jgi|Stano2|8872|SNOG_02677.3,0,0.0023725581544361764
jgi|Sphst1|197095|e_gw1.1088.2.1,0,0.10814288046800558
jgi|Copci1|1280|CC1G_01483T0,0,0.008615163405361073
XP_008909379.1,0,0.010539212557378271
jgi|Stano2|6540|SNOG_13405.3,0,0.028130547584531304
jgi|Amath1|45185|fgenesh1_pg.4_#_54,0,0.00039470370126522454
jgi|Verda1|5597|VDAG_09249T0,0,0.11952822381582642
jgi|Cocsa1|204163|estExt_fgenesh1_pm.C_190021,0,0.006407700513034241
XP_012203119.1,0,0.06874470872935272
jgi|Undpi1|8728|HiC_scaffold_25.g11192.m1,0,0.00021011490737423062
jgi|Cocmi1|21657|fgenesh1_pg.2_#_87,0,0.02988939441716902
NFTN_EGTN_1484|0,0,0.00018408507909465973
jgi|Moeaph1|5547|PaG_02522T0,0,0.0009557218280494205
AO090023000782,0,0.00433728406957009
jgi|Fusgr1|8977|FGSG_07755T0,0,0.402592495201027
jgi|Suilu1|811413|fgenesh1_kg.413_#_10_#_Locus7575v1rpkm9.10,0,0.004620834018289901
jgi|Nemde1|14490|g9679.t1,0,0.023471420357314775
jgi|Botci1|9980|BC1T_01630,0,9.325746235767509e-05
NFTN_EGTN_5274|0,0,0.0003035632859898129
evm.model.pcontig_047.8,0,0.04201130151919801
jgi|Nemde1|11166|g11524.t1,0,0.010626793383198453
AO090023000559,0,0.00038779516910691307
jgi|Amath1|64911|fgenesh1_kg.86_#_68_#_isotig20675,0,0.05204704729761218
jgi|Paxin1|68529|e_gw1.3.1861.1,0,0.019618958147714596
jgi|Plicr1|119436|e_gw1.25.88.1,0,0.0014881568419057645
jgi|Conpu1|133640|estExt_fgenesh1_pm.C_1_t10030,0,0.012451982507584116
evm.model.hcontig_035_008.129,0,0.0840842960706598
jgi|Clafu1|185671|scf7180000127785_G13002,0,0.21020152199277337
jgi|Fusgr1|5304|FGSG_12554T0,0,0.9241175707433569
jgi|Fusox2|7472|FOXG_11437T0,0,0.0025352343325667306
jgi|Cormi1|2080|CCM_02086m.01,0,0.0002782510724833211
jgi|Fusox2|25095|FOXG_19318T0,0,0.026944187871038496
jgi|Stehi1|152593|gm1.1523_g,0,0.0002490142434295377
jgi|Paxin1|173771|estExt_fgenesh1_pm.C_1_t10293,0,0.008581055146930925
PGT21_032572-T1,0,0.06172554686792282
jgi|Hypsu1|134597|e_gw1.14.182.1,0,0.002574936342936161
RAW39651,0,0.8307806644291239
jgi|Undpi1|5264|HiC_scaffold_2.g00545.m1,0,0.18972137823770588
jgi|Lacbi2|385556|Lacbi1.Eugenev2.0000080373,0,0.018807939174305007
jgi|Pilcr1|829961|fgenesh1_kg.00188_#_7_#_Locus14745v2rpkm0.96,0,0.004215638744378374
jgi|Maggr1|115942|MGG_00305T0,0,0.32942374211603087
jgi|Fusox2|23826|FOXG_05870T0,0,0.010582890297541982
jgi|Botci1|8057|BC1T_01009,0,0.12446490752296509
jgi|Maggr1|121129|MGG_10661T0,0,0.04442191683205397
jgi|Punst1|42823|fgenesh1_pg.3_#_335,0,0.002211110946183695
jgi|Sclci1|72007|gw1.523.4.1,0,0.046517820055796494
jgi|Hebcy2|30181|gm1.9289_g,0,0.5
evm.model.pcontig_048.111,0,0.01936870424336195
jgi|Suilu1|802469|fgenesh1_kg.56_#_14_#_Locus16432v8rpkm0.00_PRE,0,0.0010282942462857762
jgi|Pisti1|1003036|fgenesh1_kg.44_#_122_#_Locus11640v1rpkm5.41,0,0.00764708390356836
jgi|Venin1|22706|atg7870.t1,0,0.021709019371454388
jgi|Hebcy2|18068|fgenesh1_pm.8_#_68,0,0.0012071597538146398
jgi|Amamu1|82273|e_gw1.60.68.1,0,0.002191315523316424
NFTN_EGTN_61|0,0,0.0028802487676121927
jgi|Paxru1|821182|fgenesh1_kg.3_#_8_#_Locus4373v1rpkm33.48,0,0.0006125662194806735
tr|M4C1R6|M4C1R6_HYAAE,0,0.0007653135296267585
jgi|Paxru1|150102|e_gw1.597.20.1,0,0.0003417424900831777
evm.model.pcontig_005.95,0,0.014049319620105858
jgi|Fomme1|141100|estExt_fgenesh1_pm.C_7_t10060,0,0.0004209694630217044
PITG_05258T0,0,0.8319982351882979
jgi|Nemde1|11451|g6837.t1,0,0.00011285109610264104
jgi|Lepmu1|476|Lema_T004760.1,0,0.10293613052024228
jgi|Dacsp1|20074|fgenesh1_kg.2_#_339_#_isotig05647,0,0.10688592514904723
jgi|Hypsu1|207659|gm1.11744_g,0,0.019737228025187674
jgi|Conpu1|113847|estExt_Genewise1.C_240014,0,0.0025836415903737614
jgi|Amath1|146051|e_gw1.44.99.1,0,0.01937929176553326
jgi|Fusgr1|6019|FGSG_05176T0,0,0.03840093715655529
jgi|Tulca1|32428|gm1.15983_g,0,0.015343660211225213
jgi|Rhoto_IFO0880_4|14843|fgenesh1_kg.6_#_1227_#_TRINITY_DN3457_c5_g1_i5_mRNA,0,0.049983909667698216
jgi|Colhig2|10515|CH63R_09307T0,0,0.005059501952288254
XP_008908779.1,0,0.007780253664220126
jgi|Fusox2|26283|FOXG_07872T0,0,0.007301428775251911
jgi|Wolco1|132795|estExt_fgenesh1_pm.C_70069,0,0.035374815291675445
jgi|Psean1_1|81209|PANT_9c00307,0,0.004328964512786045
jgi|Fomme1|160705|gm1.11035_g,0,0.0020363862558162578
jgi|Mycgr3|103792|estExt_fgenesh1_kg.C_chr_30297,0,0.007558046384294713
jgi|Gymlu1|261046|estExt_Genemark1.C_240094,0,0.022179892589996256
tr|F0W919|F0W919_9STRA,0,0.0065398257408048385
jgi|Phyca11|537430|estExt2_fgenesh1_pg.C_PHYCAscaffold_890022,0,0.30559645166507443
jgi|Punst1|122104|estExt_fgenesh1_pm.C_110213,0,0.0015701622399716913
tr|H3H465|H3H465_PHYRM,0,0.047996448768400285
PGT21_028628-T1,0,0.021691920797895014
jgi|Altal1|1000211|estExt_Genewise1Plus.C_280173,0,0.0028479064508023138
jgi|Sphst1|270370|gm1.32260_g,0,0.009335264175483523
NFTN_EGTN_6407|0,0,0.003965141997577433
jgi|Amamu1|526943|CE325706_2227,0,0.001999544939020602
jgi|Sphst1|204272|estExt_Genewise1.C_150238,0,9.755743500545954e-05
jgi|Paxin1|155358|fgenesh1_pg.13_#_49,0,0.011810383744287046
jgi|Verda1|8718|VDAG_03476T0,0,0.00038444955439723545
jgi|Undpi1|1448|HiC_scaffold_11.g04839.m1,0,0.0020180032019886766
tr|H3GNR4|H3GNR4_PHYRM,0,0.003864217146564446
jgi|Colhig2|14416|CH63R_13208T0,0,0.0031431707966823904
jgi|Stano2|9728|SNOG_16236.3,0,0.0022286710472750344
jgi|Verda1|3845|VDAG_00845T0,0,0.7312368128024311
jgi|Pilcr1|811928|fgenesh1_kg.00004_#_142_#_Locus1748v1rpkm112.58,0,0.17963714101071496
jgi|Rhoto_IFO0880_4|15945|gm1.4606_g_mRNA,0,0.00047785387643445494
jgi|Rhoto_IFO0880_4|8938|fgenesh1_kg.1_#_1861_#_TRINITY_DN61_c0_g2_i1_mRNA,0,0.7612283771517698
jgi|Phyca11|120577|e_gw1.41.369.1,0,0.0028046112196425687
jgi|Phyinf1|7328|rna8748,0,0.007713737832263404
tr|K3XBG2|K3XBG2_GLOUD,0,0.628495580589141
jgi|Cormi1|3832|CCM_03844m.01,0,0.00024596250225423263
jgi|Trave1|50807|gm1.9691_g,0,0.0008843001491622676
PGT21_024243-T1,0,0.23040864746743092
jgi|Verda1|6425|VDAG_01759T0,0,0.001031786786750086
jgi|Paxru1|836327|fgenesh1_kg.5317_#_1_#_Locus12176v1rpkm1.69,0,0.0003918413521416588
jgi|Paxru1|161487|e_gw1.1479.8.1,0,0.004523491682886081
NFTN_EGTN_4150|0,0,0.0004603257569069383
jgi|Enccu1|1779|ECU08_2030m.01,0,0.04745130138770063
XP_008903077.1,0,0.48542534639591944
jgi|Colhig2|11896|CH63R_10688T0,0,0.548643076708873
jgi|Amamu1|167435|fgenesh1_kg.68_#_80_#_Locus3446v9rpkm0.80_PRE,0,0.0026283114930671023
jgi|Dacsp1|97374|estExt_fgenesh1_pm.C_250046,0,0.0005044414865387892
jgi|Agabi_varbur_1|86579|fgenesh1_kg.11_#_136_#_2399_1_CFAF_CFAG_CFAH_EXTA,0,0.3998794196333681
jgi|Suilu1|807938|fgenesh1_kg.199_#_28_#_Locus2346v1rpkm75.63,0,0.4064730564239499
jgi|Phyca11|534078|estExt2_fgenesh1_pg.C_PHYCAscaffold_200046,0,0.004251058646799511
jgi|Clafu1|192051|scf7180000130544_G3095,0,0.3702642536948199
jgi|Altal1|1016584|fgenesh1_kg.3_#_20_#_Locus8551v2rpkm0.73,0,0.00725393371358935
NFTN_EGTN_3198|0,0,0.008017482083966061
jgi|Ectsil1|24314|rna5419,0,0.006494344565422353
AB10178.1,0,0.001816395255488452
jgi|Sclci1|19564|gm1.1019_g,0,0.00012793992363160323
jgi|Mycgr3|35016|e_gw1.1.3410.1,0,0.007512877077514858
jgi|Fomme1|159575|gm1.9905_g,0,0.06633566415260071
NCU01052T0,0,0.3287642288034911
AB10062.1,0,0.0001598299917846648
jgi|Melli2_A|1020151|e_gw1.14.1686.1,0,0.03310322640731719
jgi|Blugr1|24837|BGHDH14_bgh01194,0,0.007027756034258621
jgi|Fompi3|1051400|gm1.7080_g,0,0.04132335097035492
tr|H3GBY7|H3GBY7_PHYRM,0,0.41633962889618115
NFTN_EGVN_6947|0,0,0.12858748005389622
jgi|Moeaph1|424|PaG_03322T0,0,0.017952387430678254
jgi|Dacsp1|24381|fgenesh1_kg.19_#_4_#_isotig10175,0,0.008221029363792359
jgi|Metro1|10155|MAA_06112T0,0,0.05143221595791538
XP_012212692.1,0,0.016350594882656496
jgi|Trave1|16652|fgenesh1_pg.1_#_633,0,0.0012054460988649657
jgi|Colgr1|11988|GLRG_11625T0,0,0.0004333259325183479
jgi|Fusgr1|3062|FGSG_02682T0,0,0.0021924472337921256
jgi|Batde5|24031|fgenesh1_pg.C_scaffold_4000270,0,0.02175084966623685
jgi|Colgr1|9535|GLRG_02142T0,0,2.1604296233751442e-05
jgi|Melli2_B|2786214|fgenesh1_pm.2_#_229,0,0.0026852207004296465
PGT21_029940-T1,0,0.09758211660881742
jgi|Agabi_varbur_1|74560|estExt_Genewise1Plus.C_60783,0,0.023572638548572118
jgi|Glotr1_1|140071|estExt_Genemark1.C_000110242,0,0.01332679177776672
jgi|Venin1|17695|atg3798.t1,0,0.0005775184757587254
RQM09255.1,0,0.009227169585543588
jgi|Melli2_A|302928|CE285412_203,0,0.020227643556389494
jgi|Copci1|10428|CC1G_12411T0,0,0.15165887329307925
jgi|Dicsq1|101787|estExt_Genewise1Plus.C_6_t10472,0,0.00016154163101167693
jgi|Maggr1|120126|MGG_14307T0,0,0.0037038795577099683
jgi|Wolco1|131023|estExt_fgenesh1_pm.C_2_t20226,0,0.01728995635928381
EGZ10744,0,0.8307866064843608
jgi|Erynec1|1669|EV44_g0174T0,0,0.010373130812816312
tr|M4BKF7|M4BKF7_HYAAE,0,0.41173164160299836
jgi|Hydpi2|31870|gm1.9025_g,0,0.0015283930701595863
evm.model.pcontig_011.245,0,0.0021619700760617906
jgi|Conpu1|80395|fgenesh1_kg.3_#_149_#_isotig06420,0,0.006935944155583577
NCU09280T0,0,0.0042506673472158755
jgi|Lepmu1|5143|Lema_T111680.1,0,0.002033183462618766
jgi|Hebcy2|25227|gm1.4335_g,0,0.011462814556106855
jgi|Gymlu1|38643|fgenesh1_kg.9_#_365_#_Locus13971v2rpkm0.37,0,0.0032866306432213026
jgi|Maggr1|115276|MGG_00932T0,0,0.0010353472417827146
p3_t237631_Ust_maydi_v2@um06221@6615,0,0.04831673071031819
jgi|Cocsa1|328239|CE123680_344,0,0.00883937870911464
XP_012196461.1,0,0.0021804245898683883
jgi|Conpu1|169078|estExt_Genemark1.C_150043,0,0.0001452144424270467
jgi|Lacam1|424528|CE288783_4214,0,0.009236943154761331
jgi|Phyca11|12797|fgenesh1_pg.PHYCAscaffold_1_#_249,0,0.024138474544203543
jgi|Altal1|2778|CE2777_3532,0,0.033023985231714875
jgi|Clafu1|193913|scf7180000130743_G6305,0,0.003642075391718215
jgi|Gymlu1|212647|estExt_Genewise1Plus.C_2_t20153,0,0.006478492271674614
jgi|Clafu1|187316|scf7180000129064_G13346,0,0.00634743171434583
jgi|Cocvi1|88819|e_gw1.10.318.1,0,0.0033383043682733396
jgi|Physo3|284608|fgenesh1_kg.1_#_643_#_159056,0,0.02480955038571465
jgi|Melli2_A|2859286|fgenesh1_pm.8_#_463,0,0.016191953252976246
PGT21_031698-T1,0,0.11348444646485734
jgi|Venin1|24323|atg11363.t1,0,0.002285133344626336
jgi|Maggr1|118913|MGG_04662T0,0,0.027303896090321918
jgi|Phyinf1|4208|rna10610,0,0.3287958656349925
jgi|Fusox2|10048|FOXG_13084T0,0,0.0043225019655369545
jgi|Stano2|4773|SNOG_01257.3,0,0.002109015308854303
jgi|Lacbi2|691897|fgenesh3_kg.LG_8_#_68_#_Locus_10731_Transcript_3/3_Confidence_0.545,0,0.07666878152918072
PVIT_0022525.T1,0,0.8307866496910646
jgi|Lepmu1|11271|Lema_T071820.1,0,0.00012117147240653789
