y_true,y_prob
0,0.06508507587683503
0,0.14677183454336434
0,0.021808672529285887
0,0.020112144032687535
1,0.28526188868923036
0,0.06201514611753564
1,0.11922241260195196
0,0.021305058867608688
0,0.005217058721481077
1,0.12815247010936948
0,0.06014032950749577
0,0.05996489304453279
0,0.034322082191073265
0,0.11462664718838027
0,0.047643644403573854
0,0.012089596954017295
0,0.06040807011241065
0,0.41152440078774266
0,0.01839010519129381
0,0.05600300396589731
0,0.4318899101883171
0,0.348663432616755
1,0.2058860709323302
0,0.0036059416409142705
0,0.05872900734142007
0,0.00936462612286485
0,0.023332986788386804
0,0.05495353925380656
0,0.01577477138393976
0,0.06066238703631895
1,0.9542358077048266
1,0.9542717780327594
0,0.15681933939214845
0,0.0014376831414528557
0,0.01840502611091721
0,0.012850001024107327
0,0.005676371009763862
0,0.0006901926212423636
1,0.3835080799521947
0,0.06313033262046083
0,0.00231559562625772
0,0.019595166518893283
0,0.09233587898635162
0,0.054801208109885154
0,0.14708676159846806
0,0.053017100621237226
0,0.012519932590488095
0,0.02233494448832623
1,0.9542046175983483
0,0.05175777391182705
0,0.001353536481241683
0,0.03427631888784736
0,0.0210375587340822
0,0.015108845493947136
0,0.036919696586522326
0,0.024830366160364235
0,0.007401011583929163
0,0.0840442174983742
0,0.0017651303067517422
1,0.07060597221931662
0,0.013622151493850753
0,0.0219007100508343
0,0.05021942820922143
0,0.01632732161664483
1,0.5692216247705161
0,0.16847438449164315
0,0.04022799998638643
0,0.017845720217278756
0,0.05832425791461937
0,0.03175665527251874
0,0.040274458565642095
0,0.032774945416261185
0,0.024687114317217984
0,0.013713572159131042
0,0.003429371164567805
0,0.0461096950576951
0,0.4452280243406573
0,0.02345887405837431
0,0.010689012841894224
0,0.017526812152432767
0,0.05545122513083454
0,0.03775156429718453
0,0.30762603514005776
0,0.027844013090570902
0,0.08658958266186244
0,0.033766119120480984
0,0.022249401205015937
0,0.06102122276321187
1,0.9542114618345658
0,0.002946957458303181
0,0.06188673575516187
0,0.02881957055457344
0,0.06533016079569487
0,0.09734110169840306
0,0.059162166708132
0,0.08045860593402406
0,0.2710057824415364
0,0.005616384108808892
0,0.03231061774501644
0,0.011979508654350936
0,0.017460533975936863
0,0.014840751939568778
0,0.03104964590925448
0,0.12413758872742786
0,0.04810780793582103
0,0.060593335504066925
1,0.09914586180561862
0,0.005282339575891041
0,0.5737145707352346
0,0.019632556700651817
0,0.015237120986330965
0,0.02329208648168761
0,0.10023408197978881
0,0.029089899551115305
0,0.005457705997012055
0,0.012435091808547318
0,0.0032437671369588434
0,0.016176418513487733
0,0.07086557541189079
0,0.00394666436844917
0,0.0069033102420478195
0,0.02327201657285993
0,0.03380325033431054
0,0.01696552326655658
0,0.05946601463327418
0,0.007185621849507776
0,0.051405621114584195
0,0.009019906058834291
1,0.06088225264112464
0,0.013040331155301949
0,0.015601114153664547
0,0.012479173589968057
1,0.033892252428614954
0,0.01580787568034557
0,0.006788095753349606
0,0.02221767296122671
0,0.02308257199793053
0,0.010159254035715649
0,0.013004292633870125
0,0.015888010552010296
0,0.04508092245378441
0,0.022842636008045057
0,0.003986259047022034
0,0.0767490954519237
1,0.9542353078493134
0,0.02239625596752355
1,0.954283309601527
0,0.17260035053144682
0,0.1654366923486028
0,0.003559636465570551
0,0.04157288815824385
0,0.010076817865368463
0,0.030535797470464816
0,0.03455483909274545
0,0.0901200348347926
0,0.010474989990695911
0,0.0036204774967131073
0,0.058991014281921994
0,0.015149848254607603
0,0.06006080705552303
0,0.03995172288348585
0,0.036952439913358115
0,0.07431016615215874
0,0.10651840917216428
0,0.18115596030332173
0,0.03130207024762754
0,0.049840814277594306
0,0.09878740977325852
0,0.05382726547764773
0,0.09755407849810327
0,0.010119853446411193
0,0.0044903228452096095
0,0.07455679576130239
0,0.1751684412926454
0,0.01537609169619516
0,0.015511190107601188
0,0.06805543753574705
0,0.02004052693326305
0,0.06030599719726568
0,0.010357916580654618
0,0.06521201906197985
0,0.02343958701452958
0,0.08969042204825077
1,0.09783924690832578
1,0.6934933377736229
0,0.18336271003615517
0,0.030389034622839838
0,0.36326374419185437
0,0.18647700283890303
0,0.06744218928058134
0,0.05560423450995689
0,0.054983729071761224
0,0.0004739395872096553
1,0.9542521649402453
0,0.011353953102166576
0,0.02826872964257176
0,0.03468176825199989
0,0.04613487505937773
0,0.10302392278026397
0,0.011783369344551554
1,0.011061086904877988
0,0.014934003502017226
0,0.0008475344070413092
0,0.015216700858906475
0,0.017779791098251767
0,0.0033866835080769947
0,0.010506388056019784
0,0.03732007870133179
0,0.24836295983139856
1,0.028745121184161903
0,0.000910855128283139
0,0.014676600319878089
0,0.0007071562185053212
0,0.10841969939744582
0,0.004420976562388052
1,0.954202548757034
0,0.09860114822151714
0,0.06226351634676335
0,0.03039390248661313
1,0.7848079034128265
0,0.02172979379119639
0,0.07644756097484001
0,0.14307555324606752
0,0.003428256797118153
0,0.007407026964511889
0,0.010057280992859694
0,0.04005095681866014
0,0.04313356833716297
0,0.033871538541627375
0,0.031100569353969668
0,0.06543239366476035
0,0.0012506424691047697
0,0.061887866486106925
0,0.022283716399108432
0,0.052692993598008143
0,0.07635403053311082
1,0.03617073482949663
0,0.04481991869071447
0,0.1315967358346015
1,0.1017995105631368
0,0.11686020841358993
0,0.008007493593617578
0,0.9024774818967698
0,0.16969225044480332
0,0.039402626874633466
0,0.05208175742703762
0,0.026494044638220676
1,0.6934933377736229
1,0.07687777301379065
0,0.020254296005302787
1,0.018245776482677414
0,0.07652920032852396
1,0.9542247708887663
0,0.017963846021557248
0,0.0267434683968166
0,0.01781693775938584
0,0.011766378260080968
0,0.03288932747858672
0,0.011455444735291457
0,0.16815473323746125
0,0.17520769387290988
0,0.020792711316943
0,0.013747854297702745
1,0.95425553180354
0,0.0036031445803215824
0,0.026288865069976727
0,0.03192478343146548
0,0.006945744653953644
0,0.21464405849721122
0,0.03004040845956181
0,0.010079345180685624
0,0.08362790812044932
0,0.019541719044383517
0,0.05292555269533153
0,0.6703654980610713
0,0.019724628577496375
0,0.0023239172369811717
0,0.05316233279941565
0,0.018632116223229914
1,0.6487700449413334
0,0.021859596931295196
0,0.08572357019387637
0,0.02951458211469274
0,0.008833605343308322
0,0.017160556925443632
0,0.007026901330464335
0,0.016056113563074424
0,0.3038194956141377
0,0.05154251394924136
0,0.010604049029085454
0,0.03901301731049628
0,0.015835211463013484
1,0.954261314351517
0,0.016728478243618575
0,0.002739322536758405
0,0.02358512067304749
0,0.21251662588758694
0,0.03052974421885148
0,0.008710183641109407
0,0.04939357199398387
0,0.05844825330203838
0,0.16213964048052643
0,0.27353228315599687
0,0.08703531977796866
0,0.056149650175857276
0,0.061266096593273395
0,0.01837324012859771
1,0.18005827673228336
0,0.013900656452045647
0,0.020342677058888935
0,0.12284501149493415
0,0.05764716734184138
0,0.007661428675538701
0,0.025957595343595798
0,0.0538821276976271
0,0.04107841468911516
1,0.012794878771990538
0,0.3824829638643621
0,0.04985243631376233
0,0.0604560784446211
0,0.10269859590770744
0,0.2395755338481167
0,0.005417077259870617
0,0.0033819260868389158
1,0.14176716607445566
0,0.05278543186664996
1,0.18005827673228336
0,0.0846944169315248
0,0.029588977054607606
1,0.7764707709216868
1,0.9542953112659561
0,0.03321370443240875
0,0.00964849080154115
0,0.00459711975200752
0,0.08039163562025663
0,0.007464532983279842
0,0.009656464943149323
0,0.033051097658824996
0,0.017240510373046143
0,0.00092299399115067
0,0.01137844233797815
0,0.002952632590623314
0,0.13449682335834376
0,0.043749326836669114
0,0.061760529035353895
1,0.9542538761370672
0,0.07037176555700816
0,0.04347601470719959
0,0.01262840837622075
0,0.006429569067305968
0,0.031232060594011624
0,0.38292463629424806
0,0.06365079781961719
0,0.014492054906264968
0,0.005801297235556482
0,0.10995653926972754
0,0.05104715793801047
0,0.10727427145865633
0,0.07447885974133735
0,0.01765736631004942
1,0.3555666193206452
0,0.014209799989045814
0,0.02452245303571006
0,0.005986379134698325
1,0.9542050091883767
0,0.015484943613310726
0,0.01038282758584322
0,0.016958267666865187
1,0.9542006702086318
0,0.019121604167744433
0,0.12936453787707483
0,0.0009271188671331098
0,0.4670089918591764
0,0.01296699981451061
0,0.04051707858002319
0,0.0014753921125100454
0,0.08048410620781993
0,0.010825909509109407
0,0.4102916311770101
0,0.013026558765786235
0,0.05882459412393952
0,0.11504294409929038
0,0.007127999487727221
0,0.0022156651120602425
0,0.02981250395350166
1,0.9542302050087783
0,0.010561398096736709
0,0.020937137150515636
0,0.024845821299908647
0,0.06913448566129538
0,0.032096728292224555
0,0.09970233220535399
1,0.9542548588257875
0,0.012936191570893499
0,0.01810054701284926
1,0.9078661020010935
0,0.04482941875841431
0,0.07062616246581208
0,0.003522645484706293
0,0.04930307057265702
0,0.016355337624793152
0,0.014560300967229222
0,0.0036915953210996284
0,0.04087815149263607
1,0.9542174023158004
0,0.038844199860209455
0,0.024158330252204097
0,0.19259188523985094
0,0.006575093653779968
1,0.09783924690832578
0,0.012702186160370223
0,0.03235047862163968
0,0.06997973568425389
0,0.08982618695255488
1,0.10040379377333208
0,0.007332967380623991
0,0.0735596956317201
0,0.03078130110780569
0,0.045215895691298476
0,0.0649215625945453
0,0.008567742084258792
0,0.008353745420599738
0,0.005787297779486319
0,0.015289523348049462
0,0.04105183523060248
0,0.002863950297053939
0,0.042785975980301434
0,0.09075266029230013
0,0.05911981178242539
1,0.954210676278513
0,0.008892166379866711
0,0.053012504070912354
0,0.19105795857956143
0,0.017293594711249773
0,0.00029893350221194025
0,0.15538188984791007
0,0.06012099026305014
0,0.10147626698680201
0,0.003295635558712904
0,0.18955642838130718
0,0.021113316168577093
0,0.1993996947083137
0,0.012287986383351674
0,0.2650866048869861
0,0.01902752971111085
0,0.22150733094368488
0,0.004207550469388048
1,0.9542323863696502
0,0.03169753039125371
1,0.28526188868923036
1,0.9542849656633721
1,0.21268628160434988
0,0.011630832750505454
0,0.018966622598510365
0,0.6169236055653223
1,0.3022971016853255
0,0.12364317487183481
1,0.048941403527760136
1,0.062371407396536474
0,0.26017772512457776
0,0.008182194527242049
0,0.015888534819769956
0,0.01459946820956904
0,0.008748871243369373
1,0.07687777301379065
0,0.016306344530792938
0,0.05995669713534019
0,0.010259435834995919
0,0.0054397731331987925
0,0.24093572271702587
1,0.9542308178702775
0,0.012333980961202447
0,0.6262690140759719
0,0.11513966649881846
0,0.270068968839172
0,0.1431638293799474
0,0.018502710120332028
0,0.004470362892531746
0,0.045098964629892005
0,0.18528543780533122
0,0.08269594641226768
1,0.9542148381991854
1,0.9542110732205242
1,0.09182943725733082
0,0.0618608101804537
0,0.0694424654756451
0,0.0014688442610844938
0,0.02504986904836054
0,0.04374342874824504
0,0.020735660934663926
0,0.041365675909559835
0,0.029718276073471675
0,0.06805830527537292
0,0.005029809732996906
0,0.06131023702806472
0,0.30587811760466843
0,0.008910937254524364
0,0.0725280066049789
0,0.10822424175388998
0,0.013836422858969936
0,0.3945651814198385
0,0.007900516676214914
0,0.3052343424962096
0,0.029265210199335975
0,0.012788637975515256
0,0.07163600301446973
0,0.02668161587179234
0,0.027619349825702803
0,0.013869236617919013
0,0.06417102870678863
0,0.002229200421404705
0,0.29521614651363465
0,0.041615139012578774
0,0.009909280082246185
0,0.0014553922350694641
0,0.006940729275361296
1,0.19547794634422141
1,0.14610960632514167
0,0.02874156224852807
0,0.01839623344442811
0,0.00534047919307855
1,0.9209956178099529
0,0.06358683104593901
0,0.18467597097894534
1,0.9536783356589307
0,0.05318132366633464
0,0.06480404877186355
0,0.09065647947706541
0,0.048208285053960805
0,0.014349635279451838
0,0.12050317197802234
0,0.038353142230040556
0,0.035190739651357994
0,0.03002556482004502
0,0.01952993550915208
0,0.03524651032022487
0,0.07074942282546993
0,0.5089086860214429
0,0.04021052796038642
0,0.021562315364715964
0,0.011051524554298456
0,0.03469344563776529
0,0.5070457856152709
1,0.953686415654865
0,0.023897292926917356
0,0.047612670339282494
0,0.024195963328815833
0,0.44297761404426117
1,0.26616906307456306
0,0.020941521260140112
0,0.06487438005542007
0,0.014611891968905697
0,0.02321543991250947
0,0.0018547629599582431
0,0.014244266017904385
0,0.7345394453464628
0,0.0016328336064631293
0,0.004891191795902867
0,0.0327492117368989
0,0.005867887567531336
1,0.13845506913343752
0,0.21869874210490348
0,0.0009660441922743817
0,0.05436281254423819
0,0.000959561340797898
0,0.005848720573508468
1,0.5426726001059445
0,0.002028034365149323
0,0.008853370681276175
0,0.10005777079624006
0,0.07432845259674825
0,0.19577509766893872
1,0.5325045774081372
0,0.006554656897408747
0,0.035497023419770624
1,0.9537338992710066
0,0.06213294732915269
0,0.04234054369309807
0,0.0034786491973592326
0,0.014642906696992305
0,0.02409308652230203
0,0.08969964248261744
0,0.07154841139564032
0,0.017069792341913376
1,0.9536940093981342
0,0.08809164707430785
0,0.00479657985375052
0,0.0056154252429333725
0,0.009589147147029001
0,0.009007939161358895
0,0.005951825887071178
0,0.07901396449369495
0,0.1124963715608145
0,0.21706302091454013
0,0.019391091440423516
0,0.06386360448728737
0,0.27853835716319186
0,0.09876484677418683
0,0.007250319370423802
1,0.9536947047329414
0,0.0029403026232344446
0,0.09576627621030584
1,0.4200412482633352
0,0.006749472357523636
0,0.015386287364100226
0,0.01445952799452141
0,0.024546940710329077
0,0.0007960498147030833
0,0.048366228274393096
0,0.03367947403832688
0,0.0530282390238911
0,0.004015733144309046
0,0.13021555530026838
0,0.0015798178461826154
0,0.03869772296656196
0,0.05535421165752675
0,0.013221521885553596
0,0.041618427540377145
0,0.017328271432105323
0,0.008714619434134666
0,0.12141280894977502
0,0.03769679502966006
0,0.11498863990916994
0,0.07848673026630501
0,0.02247732817356326
0,0.018489205425669564
0,0.0033934268924690476
0,0.031909293889565093
0,0.07448003219952157
0,0.12876140785251686
0,0.001608988744638251
0,0.6507102504593745
0,0.03042872174054123
0,0.07057405091540973
0,0.005401642611694438
1,0.02198276097907034
0,0.02311502116838627
0,0.03004966545318352
0,0.01727332122287332
0,0.1486112075968076
0,0.01919802845539279
0,0.053471644042307004
0,0.001597386690003805
0,0.03484697012708914
0,0.34895359228140965
0,0.030257319098758742
1,0.017770465146135433
0,0.23555937042168126
0,0.05196788555683275
1,0.08905311112211066
0,0.038475413108036725
0,0.06283633554852347
0,0.017883973292348133
0,0.08235140991866095
1,0.13001837933016974
0,0.008364976677081649
0,0.03956946595200777
0,0.030499932081353955
0,0.2344470619771721
1,0.9537340376611494
0,0.15658369096633318
0,0.023728956790863648
0,0.1424848723015212
0,0.04239802438463149
0,0.005160228400933122
0,0.05439804400641319
0,0.1383860244050832
0,0.01322077023994542
1,0.37483294657622457
0,0.035960295062738436
0,0.007912804031139774
0,0.2520408890752
0,0.01282907391233176
0,0.008675688273037118
0,0.07811732190101142
0,0.04915183902661454
0,0.008805618795625213
1,0.9537432005725484
0,0.021000623800440908
1,0.5400518062187184
0,0.10215676108415667
0,0.08388723064288375
0,0.0035074465787028435
1,0.9536518034496265
0,0.10630235269310681
0,0.01798812681867921
0,0.021392808366783034
0,0.015272315347503198
1,0.9537017392664267
1,0.8270411632376348
0,0.029454759301647933
0,0.003866919456572157
0,0.04608140056038847
1,0.06153456706818918
0,0.04443496713930543
0,0.03752825625567255
0,0.006740816088127198
0,0.023745413811339194
0,0.04596154733950732
0,0.04707339561312317
0,0.009500427028758337
1,0.9536828980670279
0,0.06107023627651209
0,0.0690371544226162
1,0.9537228422968068
0,0.050039619915977336
0,0.009421818546548947
0,0.006672171025395005
1,0.01197066535949218
0,0.040854623246421654
0,0.017085074071314436
1,0.9536999870072461
0,0.07909380052647032
0,0.0019254228981087041
0,0.020720579505938766
0,0.05860274757974811
0,0.0009162932773090131
0,0.021649466946661665
0,0.005996880717752975
0,0.017425906712997534
0,0.01678479861641914
1,0.9537179023572193
1,0.9536888954930056
0,0.29216747303328167
0,0.17688322730293868
0,0.0843448424378913
1,0.9536650543694226
0,0.02203639583841318
0,0.19401295776696728
0,0.12139975509580622
0,0.01669986163207942
0,0.06273362421918655
0,0.06203189483688307
0,0.04383459116411564
0,0.06479379952592974
0,0.005545658529330917
0,0.006112474868560541
1,0.3136983419405722
0,0.009866472648986574
0,0.11451939296171705
0,0.08606982474555341
0,0.08504640948906335
0,0.0030019800344952808
0,0.003320111031760133
0,0.11898841135353685
1,0.9536844272819937
0,0.21568913037396678
0,0.02812490221779995
0,0.025039627566519698
0,0.07381447825290256
0,0.008904773026646114
0,0.04727696233716507
1,0.9537387875605767
0,0.000887456360247383
1,0.9536845212873257
0,0.030282087390815268
0,0.07019189486200292
0,0.004038561741506354
0,0.0718181969302342
0,0.01980392759568038
0,0.042313753612693544
0,0.06019979253156418
0,0.023269963939240204
1,0.5945036041414925
0,0.03152009027255096
0,0.0014811053891693802
0,0.07307288343605284
0,0.041229812544773266
0,0.2442736849704315
0,0.08184547115329137
0,0.1293594214058577
0,0.017398297259955054
0,0.01133681352629488
0,0.006418193428873766
0,0.010741430530922354
0,0.007619572099537388
0,0.009006819504706495
1,0.1347475216827753
0,0.02963408808434875
0,0.005556378606811529
0,0.027321543779002717
0,0.08663095318153398
0,0.045230823960915045
0,0.29996199733603013
0,0.06107159159345867
0,0.7718992279841247
0,0.003180417735630673
0,0.02574817636909334
0,0.001711742837709104
0,0.1168802247594562
0,0.05149715156067632
0,0.0040922542793508975
0,0.010659434497681598
0,0.02593486751131523
0,0.13869236891513825
1,0.052207292685107015
0,0.4433772535020069
0,0.060398957527583765
0,0.06404225124806195
0,0.08929089899999354
0,0.005833946663652029
1,0.9537367784984067
0,0.040878759567832636
0,0.0879946620159641
0,0.06430145341369815
0,0.03227077363405883
0,0.032830197442503414
0,0.16030344874724536
0,0.023810940515558095
0,0.03508424711002343
0,0.002209082439809325
0,0.03698480690861828
0,0.02704972308407119
0,0.0031582958510163028
0,0.15823526725740622
1,0.9537313496546507
0,0.031170099713207878
0,0.0026443069287079676
0,0.024340530756327396
0,0.058983300055363334
0,0.0009756430152920129
0,0.049593912864046893
1,0.09744710724041386
1,0.6362933930281132
0,0.3604914418477768
0,0.0049303276780319535
0,0.008356406087090363
0,0.010587697927626894
0,0.06035075181584418
0,0.03381894965459708
0,0.055395342304248356
0,0.061343190034715556
0,0.01303097568271927
0,0.03501448836582014
0,0.016390708944277597
0,0.02106733007757502
0,0.06138829862402488
0,0.01818378461323496
0,0.018263571754935037
0,0.006336541582875224
0,0.016061144876686317
0,0.0518336037379927
1,0.6073306785545174
0,0.07591945671202653
0,0.05216990723462022
0,0.0004023074351227405
0,0.14853157189848926
1,0.9537532152577397
0,0.0032870842092916053
1,0.1675058697433722
0,0.047758392164184926
0,0.05412532768605649
0,0.003933137784849855
0,0.018328895003653776
0,0.039736270365451576
0,0.05562336368275005
0,0.019169687985946978
0,0.010535550922839318
0,0.0076146037023633335
0,0.10512462525814535
0,0.029766041719617123
0,0.21894769914239898
0,0.056892390116046125
0,0.02821073420322574
0,0.16477632562604286
0,0.003181000884604594
0,0.1862001797111287
0,0.0021633974043560305
0,0.04545645919885698
0,0.008897477496663942
0,0.04030285222923975
0,0.13424299572966641
0,0.005614059457965833
0,0.1025728848204513
0,0.009096940211211366
0,0.027383713021817916
0,0.04235607940195421
0,0.07788833700025147
0,0.005761399163935572
1,0.9537135732628894
0,0.018508940361218498
0,0.5686327485350369
0,0.04654158157301201
1,0.0299262356564758
0,0.03353516214661953
0,0.004914188191877973
0,0.006113888980883062
0,0.053582642745648945
0,0.04644598600572313
1,0.1564456990006137
0,0.01322670510885652
0,0.0310938810483423
0,0.00968822158304117
0,0.00493678240956335
0,0.0236193746647073
0,0.015911688132953992
0,0.008273721217235037
0,0.005459276208983642
0,0.03828785661878715
0,0.027324366547666467
0,0.3489805716615249
0,0.003623453571672669
0,0.028316994668607067
0,0.16682000050494653
0,0.010067340421047132
1,0.15174759293126888
0,0.02242653429632283
0,0.8394548841934342
0,0.008512310941355183
1,0.8213216727519564
0,0.04648771519704836
0,0.002382895011737754
1,0.6643884536763557
0,0.08606860479927358
0,0.0208681395398541
0,0.01818261425949151
0,0.08173478150563607
0,0.19793228599476093
0,0.0020563564819442172
0,0.058513226510119504
0,0.0030478804465072853
1,0.09744710724041386
0,0.029053567540310837
0,0.033188959123956405
0,0.030115010161367035
0,0.07891571240787884
0,0.06161523271035215
0,0.11472853077373521
0,0.018856644362408578
0,0.06902403074384678
0,0.00952954046181878
0,0.09499525223485093
0,0.1324975397891622
0,0.033730112705551075
0,0.007676074274324896
0,0.019011045178155068
1,0.0007570381513697962
0,0.02593838396938483
0,0.031418958794631274
1,0.9537209872185404
0,0.0003177115234877415
0,0.005285588138987556
0,0.010099165912999983
0,0.1674241347506477
0,0.027889790873904547
0,0.005861009007002728
0,0.0029326793477340045
0,0.018028965820903055
0,0.09404006944489046
0,0.11827642908545165
0,0.033045949042549795
1,0.03477555172455984
0,0.007214289534375472
0,0.17484901915572384
0,0.10461513025257074
0,0.19778382958266955
0,0.0194498423400111
1,0.02596453654043964
0,0.03310506888114801
0,0.21524136674737462
0,0.0030599966330906803
0,0.07281058870345873
0,0.0031495946598516763
0,0.028107707552476116
0,0.22891155537301938
0,0.007218263724002867
0,0.0006271914422422607
0,0.03871879862503746
0,0.003622356140429437
0,0.06444994674701363
0,0.0029520693231678426
0,0.06074589280968852
0,0.023745390332575465
0,0.03672294674819461
0,0.10813893730484517
0,0.2449053908085809
0,0.08079524479595432
0,0.046942541776296226
0,0.013471697109062049
0,0.002758818327674331
0,0.027338478957828375
0,0.04893046256356742
0,0.035727480585199714
0,0.07455360961755446
0,0.007540694978659638
1,0.09394136061011193
0,0.13171722191281188
0,0.14610920637825361
0,0.0588298452377539
1,0.9733409805179833
0,0.00858909821872318
0,0.01426544548192991
0,0.026798978527023593
1,0.23045417080764077
0,0.07396367724913913
0,0.0038804293489272147
0,0.4441567000200402
0,0.009980295391165956
0,0.6636500619057357
0,0.026285446512631778
0,0.07872182208885034
0,0.031971977409117974
0,0.0405197992160169
0,0.1776344503792297
1,0.9200738237166539
0,0.013807546914440234
1,0.053655164803546464
0,0.01321178282127364
0,0.04508294984105456
0,0.007928334180603704
0,0.0028913496904120588
0,0.039702502859439166
0,0.04505316697249837
0,0.034285717595903056
0,0.14370911285891597
0,0.10637821419271692
0,0.01711071658367899
0,0.004884790658393911
0,0.041843299320252554
0,0.0849945043323574
0,0.05171841357886938
0,0.10874697937410102
0,0.09651493321457055
0,0.024498719208322584
0,0.03221069238470882
0,0.032381597074395016
0,0.3015436996361973
0,0.1692395224728156
0,0.0688054782681534
1,0.6417890147379564
0,0.022105557442324824
0,0.10551916771941772
0,0.016720621066350323
0,0.878908068397849
0,0.07910714334612433
0,0.005562726607618748
0,0.05506037876650006
0,0.013291135502338687
0,0.004384428268981435
1,0.8726194530141486
0,0.18722680034627734
0,0.14776781165518715
0,0.28187592008390117
0,0.040033871708401246
0,0.012677018106156521
0,0.11952243122527506
0,0.011482647805885619
0,0.01577133370856856
0,0.051384330862525994
0,0.015597679194859408
0,0.04652999960563675
0,0.044205584737028944
0,0.007857502482245541
0,0.5745593708998206
1,0.9733729746312872
0,0.07235125170326744
0,0.1057195182200295
0,0.006415695819149657
0,0.017082583877669994
0,0.25576531006023057
0,0.02206991400729412
0,0.018391733904716805
0,0.015717306816750917
0,0.016011796367731434
0,0.01001713954980835
0,0.03919343893802781
0,0.004712856374455668
1,0.19796784679973575
0,0.015949767720124304
0,0.1399642653687966
0,0.0212165995331691
1,0.973398905598614
0,0.0370529787104173
0,0.07291063897673326
0,0.001956055183542804
1,0.12968785472492397
0,0.05182939417415543
0,0.006621104135539047
0,0.06154729695510821
0,0.023779310553881595
0,0.01832414276901756
0,0.004989895220980152
0,0.008338184448345819
0,0.05772494382016194
0,0.07371701585889978
0,0.024194472652315217
0,0.22857161422532124
0,0.05839612782423539
0,0.23138148768860062
0,0.07967194357558051
0,0.4543075011538765
0,0.01688128870788377
0,0.13158067725735414
0,0.0129749598922728
0,0.04131853582033666
0,0.04545242614028414
0,0.04848083409159937
0,0.0031315708038032446
0,0.14265732547127694
0,0.06599165257023748
0,0.010326149290624897
0,0.045019205931342336
0,0.03140128428132424
0,0.058681892650771526
0,0.02018580303606073
0,0.04180376876667419
0,0.1380204959712123
0,0.005093447897412177
0,0.0831431098138256
0,0.010074924498581795
0,0.004058546648150373
0,0.05918062651032026
0,0.08175016028669699
1,0.21488992594648068
0,0.008173829121450066
0,0.016905094690100993
0,0.17495471158494025
0,0.09800742564528997
0,0.10280113239694287
0,0.11618845042662158
1,0.387251290289253
0,0.024808415538774938
1,0.9733865521776266
1,0.05450156466172772
0,0.04803589564926961
0,0.041284922987180624
0,0.0316452043491211
0,0.0821799077154424
0,0.007506924350470759
1,0.9733819810969919
0,0.18484695775893747
0,0.015332168775470454
0,0.07516822158335461
0,0.020790244199621843
0,0.027345261829201942
0,0.006699946903285799
0,0.08206520844948273
0,0.009623408476636385
0,0.08278042718446359
1,0.973359301330124
0,0.04296859861975688
0,0.04655695949035946
0,0.021990568314061154
1,0.9733284621273257
0,0.0024860425791538663
0,0.08131811376958048
0,0.04509387411105014
0,0.026765844873300366
0,0.09930727328260801
0,0.043438167478873406
0,0.09152834967194952
0,0.1711164316216983
0,0.006554825011115305
0,0.00470045121619345
0,0.028804280320741116
0,0.01218441624009988
0,0.08065191750970581
0,0.12388864637384105
0,0.018965358228025364
0,0.0636835819613258
0,0.040919006766657
0,0.04164906992415914
1,0.1788940856573011
1,0.9386914918141162
0,0.015830546918084158
0,0.28405643620465953
0,0.03974594472565523
0,0.05375999557536365
0,0.30550662480174706
0,0.013883482765222015
0,0.0404113114711029
0,0.028236916966863666
0,0.021129251221520533
1,0.16308424214925105
1,0.9733619625158162
0,0.013416478229212908
0,0.010981508928478451
0,0.01807652237396099
0,0.07135656241409952
0,0.1509489713280422
0,0.008506842996607361
0,0.012422392467045875
0,0.03147349263145261
0,0.0788836320512557
0,0.07594005156541722
1,0.9733371528305008
0,0.12029767601766933
0,0.12757716500335978
0,0.04269197292029985
1,0.9503890906391653
0,0.04612363684459365
0,0.030636362345480287
1,0.007698945150645309
1,0.00690918654349384
0,0.05097033230857531
1,0.9733985760858238
0,0.03411202470262875
0,0.4662844390831455
0,0.026373869750387104
0,0.08170751069599134
0,0.0446899403584549
0,0.07707572703797398
0,0.017978410379947952
0,0.04386172148260291
0,0.04076616242489472
0,0.03442959636554794
0,0.04195818510819463
0,0.03435470468320448
0,0.06975510189537722
0,0.08589681131560108
0,0.008135566261002673
0,0.06495971491120793
0,0.04105193619691543
0,0.13244856224110252
0,0.011920904946281093
0,0.049058584939768085
0,0.05609331158797873
0,0.01675500414693854
0,0.027358590719008577
0,0.05079452577200359
1,0.1437657188437705
1,0.6973816931841536
0,0.15434921823280426
0,0.041494388959399726
0,0.02396611634806806
1,0.296454355763983
0,0.13701824528780934
1,0.7335307370826669
0,0.04537519441888603
0,0.04010607505265131
1,0.9733245868554472
0,0.14146943613824908
0,0.04615784732305903
0,0.08339784232254786
0,0.04781730036672969
0,0.02868959648925252
0,0.07296366383985967
0,0.02810138496422682
0,0.05443155083501514
1,0.9733547320303004
0,0.11450835297440835
0,0.005584243817147238
0,0.007694476061587648
0,0.004082952419823581
0,0.21702527896044876
0,0.006675439975132722
0,0.10812146871805418
0,0.35101687435622303
1,0.9733335865511697
0,0.03666881420432558
0,0.006271539909659145
0,0.0030249045882524733
0,0.03369204647799232
0,0.012116413560953871
0,0.006275400711246799
0,0.050451453183942195
0,0.0310186237397124
0,0.018521416365907536
0,0.006728778308465202
0,0.009637953256537001
0,0.0066162212870802825
1,0.2550982673347669
1,0.19330221855485857
0,0.10520813843277284
0,0.17171560458761434
0,0.017458466130904265
0,0.09586856725423629
0,0.01270409225049107
0,0.014403525457929205
0,0.008515714469639979
0,0.04827638867660827
1,0.9733743791248514
0,0.0052637171881614354
0,0.04379868337741369
0,0.05434923608984623
0,0.1809656581667286
0,0.06709401174254159
0,0.015890035332041804
0,0.028542505782569453
1,0.6172804892653103
0,0.004751861742427651
0,0.028927040508144028
0,0.034310590975478845
0,0.06663890843280611
0,0.005217795878390721
0,0.04876695801062741
0,0.09969387636384947
0,0.0019848858919550173
0,0.47537295532539064
0,0.007752789546745251
0,0.003051889030813065
0,0.008886715905047794
0,0.011257335229317236
0,0.00914980533382943
0,0.01385939617664001
0,0.005177288055887388
0,0.2950106966822133
0,0.08731377687202402
0,0.027173840504061453
0,0.11446647598615593
0,0.06198519433559176
0,0.0695381602845528
0,0.008961273962423601
0,0.02987754521881206
1,0.0074002141595372025
0,0.03828678298449847
0,0.04415557770680297
0,0.15459149644768413
1,0.9733569913075817
0,0.021741981604037192
0,0.4140023070902746
0,0.015446587086775923
0,0.12836834588017348
0,0.15695241241703234
0,0.04265784409660724
0,0.11977580552934226
0,0.027570383333034028
0,0.03532545272342599
0,0.034589960475798924
0,0.08263954682470637
0,0.038344312836524126
1,0.9537717081284736
0,0.051379423463373666
1,0.9733695832674875
0,0.03919725204309219
0,0.029916689103560316
1,0.9733742837573747
1,0.9733251080474646
0,0.3586099586755701
0,0.017575602217717104
0,0.3165943011440789
0,0.026786610110800024
0,0.009388316684334767
1,0.57530568538641
0,0.0412199953416813
0,0.00989495372734645
0,0.08253466379327985
0,0.029938898812356916
0,0.005357531995836487
0,0.011408471723028873
0,0.009044235697817917
0,0.005888088121064096
0,0.007778835906707122
0,0.004569927899955262
0,0.0486062613740907
0,0.06039856974921558
0,0.40749693049891095
0,0.08031870201838094
0,0.014540189283760845
0,0.002279960281167738
0,0.01087111972024481
0,0.01642272691998165
0,0.07066958070272339
0,0.04750556470625004
0,0.055774274769729834
0,0.08923624425235085
0,0.08352980801739
1,0.856468780727725
0,0.4468585534267666
0,0.008509779859309688
0,0.0127863933905069
1,0.028576456840022746
0,0.03159741564588642
0,0.0059864402499061895
0,0.0060692507705904985
1,0.09812662503912263
0,0.08134881442047259
0,0.06818489119046348
0,0.021965852754040505
0,0.1373930934247423
0,0.015649748090939223
0,0.04728004539723386
0,0.03433922055387464
0,0.05990480821696627
0,0.07947895075591911
0,0.2779198897573872
0,0.0420518978490201
0,0.07558809407191851
0,0.28825281830489136
0,0.02815156098493429
0,0.05647402599778268
0,0.009818751056827073
0,0.09523338938612513
0,0.05893838170121949
0,0.009896168492669478
0,0.012620130054408641
1,0.14621544128885633
1,0.9733912263817764
0,0.0066613900160876855
0,0.058268290966213186
0,0.034061159363256134
1,0.9733630532559765
0,0.187038397132142
0,0.009268964628473259
0,0.012191836404673813
0,0.024326577790190537
0,0.07708238005361674
1,0.0326762987188748
1,0.9733323539732975
0,0.04814001718933553
0,0.021222362489590158
0,0.23007574459745647
0,0.036449800767970574
0,0.0013918797883179154
0,0.031103588299273476
0,0.00791924579708629
0,0.031009558335125344
0,0.04686423311638747
0,0.11196157099096095
0,0.06420267755261229
0,0.35961613728642117
0,0.012043704704847804
0,0.5872004756663264
0,0.06667398565921147
0,0.7468603095422177
0,0.0209023427973204
0,0.03259806152575777
0,0.015229265267376378
0,0.03815592553339166
0,0.02654961247431842
0,0.09207756654440968
1,0.3149063886566828
0,0.025583484971634797
0,0.06491164878855196
1,0.9733695582680194
0,0.015355280203224983
0,0.01490550150872811
0,0.026868799234060343
1,0.19521213537175128
0,0.029624673501550947
0,0.06909258592749251
0,0.035139757671287256
0,0.023129728791184127
0,0.10530093252734063
0,0.021391053819833947
0,0.3511825198260908
0,0.02515670052756414
0,0.007776794617841655
0,0.12658091341326494
0,0.09883865753189156
0,0.025284364764639966
1,0.08191490248463748
0,0.03200811186645679
1,0.5572405922167412
1,0.019856633919310265
1,0.9733564070003404
0,0.0043413151378768194
0,0.01168525693192869
0,0.026297560569109195
1,0.37475343932343236
0,0.020733248368615086
0,0.047370206003666426
0,0.01589823317809741
0,0.057607582708122454
0,0.010144876663550325
0,0.14200561774328388
0,0.043645873314680145
0,0.009178780840040607
0,0.04914493200901428
0,0.20598645164184384
1,0.813589631380351
0,0.06979828263667953
0,0.12366802176775442
0,0.020475980563148446
0,0.027084856441173824
0,0.007425475633695359
0,0.055963479964085454
0,0.012966761322291348
0,0.07131010284905606
0,0.07510540487873492
0,0.09851141726498938
0,0.023365217132872134
0,0.007692435280094321
0,0.09207166364968541
1,0.16222658585413477
0,0.0797833089768988
0,0.01661294402549032
0,0.08710097865102905
0,0.025568544780616216
1,0.09325231788702339
1,0.16200667645988634
0,0.04603240921808637
0,0.031244699228453354
1,0.030976382563425938
0,0.019177371321213957
0,0.037322693303198776
0,0.044978623542678293
0,0.02126056240921922
0,0.14532111665763683
0,0.047133835135779435
0,0.3621722738378195
0,0.3819884890714056
0,0.01058350683444527
0,0.059808032201800414
0,0.00835856610683182
0,0.05510405264842403
0,0.06119042917789929
0,0.2384448463883682
0,0.0897829236609056
0,0.10843587785470862
0,0.08896129700143031
0,0.030234125510282213
0,0.0247213052627382
0,0.08132563410666223
0,0.07874294337505504
0,0.014962581735913472
0,0.06120036066861939
0,0.14326605986938493
0,0.02013820150281822
0,0.07450731641784675
0,0.08623948475309776
0,0.07916015576057164
0,0.03530512420964137
0,0.028095520757668833
1,0.43736963961423414
0,0.09930645154122403
0,0.10344579262661871
0,0.1478253778970942
0,0.10635217683898227
1,0.11253984779485958
0,0.016664387817817053
0,0.032714222888852194
0,0.051734468167366814
0,0.01523122144120003
0,0.019284119946544588
0,0.03945239299687633
0,0.10321567927308123
0,0.2014681156952553
0,0.06536743931213233
0,0.009732163260074653
0,0.06493534930609074
0,0.07335997603147963
0,0.029811754773900412
0,0.03451361737070982
0,0.02799040947258387
0,0.05533058651827482
0,0.008881356513595309
0,0.11427336500232957
0,0.09614807991139276
0,0.023135330285531934
0,0.04572350882835784
0,0.10111826385350402
0,0.055754320445870344
0,0.015201959388471088
1,0.13481234311893814
0,0.07472475247248378
1,0.29411689562804516
0,0.03934640751535008
0,0.03138926792191887
0,0.12128332513696169
0,0.05543798595610231
0,0.056750378545571294
0,0.08251890630154775
0,0.11976087780242856
0,0.046188174853831254
0,0.072195393891426
0,0.08827272385206787
0,0.039896076608922734
1,0.967490894118574
1,0.9674897511044714
0,0.08721662294101883
0,0.03257948979273895
0,0.3618073890005275
1,0.10083549210663414
0,0.02640975058906528
0,0.03838552724883995
0,0.07405609296020418
0,0.16571447216098037
0,0.02369012475276755
0,0.16614990428538742
0,0.047406152911462884
0,0.03661266570030652
1,0.5647152569996529
0,0.07911146011300592
1,0.09331612409602026
1,0.43977377466350304
0,0.026581237128993112
0,0.010438151243027759
0,0.011583977027533885
0,0.15938999697375208
0,0.06903223196404216
0,0.11509929837995697
0,0.0806924433132893
0,0.07712294990933824
0,0.02345486764096779
0,0.01027866310259238
0,0.1334624768172539
0,0.013840563182603587
0,0.014752207194917802
0,0.0742573309201748
0,0.0075672181291908305
0,0.09589947528354267
0,0.07709190271282626
0,0.1290402075463169
0,0.01692172324614614
0,0.1414457369669131
0,0.03603760121228461
0,0.03451002543373046
0,0.024897004542132364
0,0.02964741905882193
0,0.020813777765567452
0,0.016403092935342322
0,0.02753077916267854
0,0.017212859942124677
0,0.08967572559950898
0,0.03600005070680115
1,0.9674617930436946
0,0.008554961756318294
0,0.006630972058962098
0,0.04888313962961699
0,0.10696076625063342
0,0.017892079622519156
0,0.061248774661040194
0,0.006976714367117156
0,0.07412239149646511
1,0.9674755100172673
0,0.06067243700146246
1,0.9501114466300651
1,0.8325980811431591
0,0.1103825337280001
0,0.01724485448541192
0,0.013990917892640627
0,0.05914957284989232
1,0.8111653985448986
0,0.07340474319903237
0,0.036326007575033015
0,0.01966681148738179
1,0.05511799491500534
0,0.044310442877128445
0,0.03408373384888528
0,0.008230551108580396
0,0.029440986892091014
0,0.024030859477743957
1,0.9674812522587904
1,0.1171093526661394
0,0.19344958729397868
1,0.4391314285669778
0,0.008797772625198477
0,0.018394549577465936
0,0.06365475049825069
1,0.9250843680949395
1,0.20533968913226544
0,0.01474835087786158
0,0.045353682757205076
0,0.052935602922810715
0,0.1716954210004801
0,0.06942451357223722
0,0.015948306062644878
0,0.039708095114420125
0,0.007991186809696555
0,0.02264567190729571
0,0.07772600913715137
0,0.047498269151450855
0,0.1183105857428314
0,0.013987004077132008
0,0.09890425776141942
0,0.35515287029462844
0,0.04151993292134202
0,0.10789247454265222
0,0.14149179326958833
1,0.09416465549076135
1,0.9470192611025431
0,0.014247735279982595
0,0.015403637678657645
0,0.11173313340948288
0,0.06777220530272948
0,0.042991680220972356
0,0.04297943525726556
0,0.011156675746732403
0,0.03070173718133367
0,0.18972193144266478
0,0.06537597064673427
1,0.09701809204228588
0,0.10646228458395017
0,0.03371784600321537
0,0.5768025768157466
0,0.08067485612865036
0,0.0735840622142694
0,0.03216825726014018
1,0.5
0,0.012398311928999862
0,0.060097501394642955
0,0.023664165801127336
0,0.003732839867874378
1,0.9674538467960976
1,0.21230546896993918
0,0.23407545998241747
0,0.050256888454365684
0,0.008455210812670554
1,0.9675011419014525
0,0.04518230018940258
0,0.08543906420648818
1,0.07988719138640145
0,0.024437636335491026
0,0.04838441058050227
0,0.010816856446114818
0,0.12339261758600231
0,0.029133732624279034
0,0.09796739395333715
0,0.10773635191426587
0,0.4547686715628139
0,0.0961629597630104
0,0.09857468111456934
0,0.14073634810410546
0,0.030815254100047994
0,0.08101779170921133
0,0.012538066393037766
0,0.036648501783007076
1,0.9674905415098678
0,0.029651058422720894
0,0.07425833464737712
0,0.036481242488556095
1,0.5309318671587181
0,0.11090532335111986
0,0.05144645729964176
0,0.2694688670276659
0,0.01737605463068818
0,0.07953552377567308
0,0.046972862951603155
0,0.06159824577589939
0,0.1380940875196443
0,0.2988389443851324
0,0.0659594489353453
0,0.05458618587629234
1,0.5522220872765442
0,0.004517579179729
1,0.10046867080238103
0,0.03070059970136689
1,0.20533968913226544
0,0.09441437106738691
0,0.020961772633162044
0,0.11373292181432289
0,0.03902549110417678
0,0.048746188763406834
0,0.017219037165188154
0,0.01843062030163671
1,0.5522220872765442
0,0.06286069091204351
1,0.5973736273432827
0,0.06150980570822955
0,0.03749199888776163
0,0.011344002083646738
0,0.032904743794133974
0,0.10346047166048764
0,0.039063019402202234
0,0.03337035303499727
0,0.007797943130185948
0,0.05327315659790053
0,0.10423477481468835
1,0.5507834848208998
0,0.031631185309467326
0,0.0031912326890201907
0,0.013328375033267852
0,0.05181317052347049
0,0.0581202020058597
0,0.014969286674956313
0,0.0541013540210914
0,0.10163116879255184
0,0.010414336771492122
0,0.1872299017394702
1,0.13045116934773845
1,0.29411689562804516
0,0.055718926042865304
0,0.050267768740515376
0,0.09799202890642861
0,0.020911742856744568
0,0.02376093334418378
0,0.008506735205597544
0,0.058634433471244765
0,0.04166010247881737
0,0.007092164659203855
0,0.010010514983721307
0,0.10821748633107468
0,0.22914593278512954
0,0.006675262782252541
0,0.005034235836298259
1,0.21103589653104168
0,0.035881011140655006
0,0.24182426854637085
0,0.00816645055950681
0,0.18354102065375194
0,0.06990450175961745
0,0.06055429969966807
0,0.04342029389614347
0,0.03402907891600796
0,0.0030558828408937385
0,0.07212724726406611
0,0.10655736224848814
0,0.04510844206217761
0,0.39576248529967145
0,0.1925494779649168
0,0.018748147115241545
0,0.3713601483432549
0,0.02834764096435347
0,0.03545876477672593
0,0.06087995700782331
0,0.2561745007639222
0,0.05419802019026396
0,0.07944995794016795
0,0.07802302074941918
1,0.20446755546006523
0,0.028973641047838488
0,0.01205786849562768
0,0.44459072702937896
0,0.02841596742800222
0,0.002473433071885964
1,0.6591451363700473
1,0.4123249511212035
0,0.12914235419780326
0,0.24979895732818494
0,0.013966702374867513
0,0.07774563652272358
0,0.12175441658149427
0,0.057110988876992355
0,0.1458912811327619
0,0.1301964426250584
0,0.06562849387470732
0,0.08293391777130917
0,0.051224069109311834
0,0.5248262318849454
1,0.9674899582434758
1,0.967496163430593
0,0.06029902839440651
1,0.6045431971734302
0,0.026492820814846114
0,0.007605510913151161
1,0.09685234631451618
0,0.05962623536036525
0,0.013988387622456258
0,0.2664297243935795
0,0.0991869096093221
0,0.14295042024310406
0,0.09556458245429936
0,0.05998014804144782
0,0.1600124325782312
0,0.036042218440031935
1,0.9674537596798516
0,0.0213210979177246
0,0.02267333843407224
0,0.17969563834146762
0,0.31276386125007577
0,0.023429575203192023
0,0.08070177646032585
0,0.16184713341347873
0,0.12985361355123776
0,0.012001710517144524
0,0.01703705581384891
0,0.04116144349447751
0,0.06167000882242329
0,0.05081290310102583
0,0.0701967579771797
0,0.008135823423192655
0,0.028195133035856502
0,0.03825814444722069
0,0.057781992159933786
0,0.048694619772034396
0,0.10154683883824141
0,0.01655428833750464
0,0.07989963388672791
0,0.037290221725670654
0,0.14287089957867985
0,0.02188953901863808
0,0.021699824325430526
0,0.06991856177606776
1,0.7741759079355377
0,0.010552927799814314
0,0.03449610475462958
0,0.1006100686526682
0,0.030815377162681158
0,0.02721183108463393
0,0.012151158769446316
0,0.04376764464838314
0,0.011384412959094566
0,0.1251156349586471
0,0.023919513964313098
0,0.07142322067153509
0,0.0545665858908113
0,0.04906661162404725
0,0.18704416468597365
0,0.013412417172116529
0,0.2403999411532012
0,0.11674970354022808
0,0.06953586519738873
1,0.9674621596372269
0,0.06812836131663078
0,0.015118188943330675
0,0.05027255486652843
0,0.01769095473529946
0,0.028602823102406565
1,0.5507834848208998
1,0.2708904823834412
0,0.05093156080837078
0,0.08881809075458093
0,0.018821179744347438
0,0.04248136227914006
0,0.03522710358077222
0,0.015593773770221753
0,0.07426479042575745
0,0.027445876412587892
0,0.0191762548904324
0,0.11212752373333684
0,0.059334518686617425
0,0.03450171471949273
0,0.00829347422353086
0,0.009068272753426376
0,0.016846444012065993
0,0.0499941504293516
0,0.06970926405368771
0,0.09571175132698281
0,0.046947641151901025
0,0.10279280190658598
0,0.054917912221903814
0,0.22484897044159596
1,0.10046867080238103
0,0.0321824222346808
0,0.026077155274479742
0,0.1348937095115207
0,0.8064474289294625
0,0.02715844904044736
0,0.01743167837731504
0,0.06869533591950128
0,0.030409358058683097
0,0.01339004544824875
0,0.007745825409378728
0,0.05318504011191337
0,0.017965614365321556
0,0.01298577490699397
0,0.00967680669978841
0,0.19486588334252022
0,0.014247303844879364
0,0.03308744172634265
0,0.004258747847453559
1,0.07830272780074271
0,0.06953849827616612
0,0.2369742420973449
0,0.03921194729673118
1,0.38215791135206784
0,0.32348998728763184
0,0.02832990275815625
0,0.07400899027794931
0,0.05871145552050635
0,0.03793245680933185
0,0.05949440350222881
0,0.01276976289255165
0,0.02389628820726074
0,0.18807249728900358
0,0.05473628204843202
1,0.05511799491500534
0,0.06582494557724565
0,0.12964759336490714
0,0.09534064639010512
0,0.28026614978562053
0,0.043577103319716065
0,0.08322738338164579
0,0.04133667599802293
0,0.04788200221219771
1,0.879389359989156
0,0.0067177778246796304
0,0.036249416176874806
0,0.07210381883587998
0,0.01919029035336117
0,0.024910554326289528
0,0.009913624351507992
0,0.025192970074992695
0,0.45882836089940116
0,0.10624660032535836
1,0.8794119304660927
0,0.01683879606964987
0,0.3197778056937849
0,0.1202643258956503
1,0.8792941551166978
1,0.8794445919440828
0,0.04470528063948158
0,0.05585557530104747
0,0.04229884829374784
0,0.13529787620404424
0,0.10442405302779594
0,0.034926397738156804
0,0.030899916118371756
1,0.8793328878605763
1,0.16790715295556874
0,0.062428591572665386
1,0.1131024889013096
0,0.017603424296973934
0,0.010577539690554895
0,0.013614577627831425
1,0.8792026116070697
0,0.055894338525929656
0,0.02867940513379399
0,0.19386267667925705
0,0.02943366679369166
0,0.022936998755160552
0,0.006005074047567611
1,0.8793457060918606
0,0.026801471235267996
0,0.0384408488694779
0,0.014752370372129762
0,0.013075303773900464
0,0.04390504316099073
0,0.020466443769436342
1,0.8792124838016645
0,0.020164843193187676
0,0.023931080226414603
0,0.019109249727168185
0,0.009394167749499244
0,0.010984189067575955
0,0.009020087943578807
0,0.04800713323662836
0,0.08086977898669585
0,0.015566054635035112
0,0.030739425739190716
0,0.005503328187811136
0,0.06022763354572739
0,0.12750783555320033
0,0.0964100434832591
0,0.6458713644206656
0,0.05661517067042076
0,0.024040670868824818
0,0.030402195459267974
0,0.02199392168053581
0,0.014330155282740842
1,0.040106276122602424
0,0.006839056286353662
0,0.016142719784371953
0,0.04893552391271164
0,0.004760172625326608
0,0.15469966277308095
0,0.03532510349681271
0,0.005140101717878719
0,0.06723899349303013
0,0.14163565264211947
0,0.10691012907726032
1,0.879222961850335
0,0.028213098468733412
1,0.8793099473397126
0,0.158028248519905
0,0.014068083435363823
0,0.06672907236579388
0,0.011422567395238914
1,0.8793771460083946
0,0.002186021890467829
0,0.2255691370630401
0,0.026238227857941256
0,0.06121398363105533
0,0.002618989910091192
0,0.005914455333465275
0,0.060287380107939326
0,0.048368813953607995
0,0.03881370026607693
0,0.017230747487907837
0,0.018838247771395103
0,0.038763412854843166
0,0.018938712480136222
0,0.17481450843758783
0,0.11519135229105554
0,0.04905636953032335
0,0.055540835857881284
1,0.2766011068993794
0,0.004045845201443017
0,0.07299101118743932
0,0.03890383643762794
0,0.0817545487829187
0,0.08703364929629383
0,0.09646159341202651
0,0.05716515505098047
0,0.014720996539621266
0,0.020105547864944263
0,0.017532594617422362
0,0.09915928109561284
0,0.41085961453620895
1,0.07167771855992702
0,0.026112907049395284
0,0.025796518950543808
0,0.07921730210298035
0,0.02389288406035194
0,0.05804323790715671
0,0.12874039196884995
0,0.16370640801696473
0,0.00811535292043766
0,0.12675794805430407
1,0.5191288926135375
0,0.00690758831571244
0,0.10121039704589072
0,0.07071923301597247
0,0.09159979171634253
0,0.06642349510081139
0,0.1269549183787315
0,0.013620388112890817
0,0.13121258900567276
0,0.06904509316715786
0,0.24191821566854715
0,0.02221016658315254
0,0.025577232892283305
0,0.018553134568403944
0,0.014345776240542332
0,0.01915180110149333
1,0.8791924243788658
0,0.019779759651383077
0,0.3200198215907176
0,0.03037240908308958
0,0.052330569242301804
0,0.09124695949888785
1,0.11076776864501903
0,0.032554329981457394
0,0.1176303552541882
0,0.09530107970245583
0,0.010725294782579725
0,0.03808854382957397
0,0.022540340896632944
0,0.05697630623431622
0,0.011603272322885032
0,0.0970338486768245
0,0.46391000476668104
0,0.05410505421091835
0,0.0797516900815742
0,0.04725808491240678
0,0.031134243177654532
0,0.06532738008169904
0,0.028067398532146473
0,0.6063014490285026
0,0.013414046958755036
0,0.014598452749020371
0,0.05327765481838552
1,0.07745904622478413
0,0.011593347601913856
0,0.005270951946344519
0,0.01264935185080426
0,0.029790771831843487
0,0.03842697895107796
0,0.02362714131131761
0,0.09884695252713488
1,0.8791726589443523
0,0.1575769726799154
1,0.36986602846286815
0,0.025852680993521806
0,0.027737690872003694
0,0.08204896176929218
1,0.8792889169289542
0,0.05035370285409662
0,0.01702087163626655
0,0.04934214348652421
0,0.07221575021875101
0,0.003121571520884632
0,0.013547230604945757
0,0.00657523443392523
0,0.03827709845112906
1,0.6468067728006083
0,0.12663527201397176
0,0.10711089867551508
1,0.8793276035673934
0,0.026290801712716274
0,0.012993814833988185
0,0.1551967503125186
0,0.10221646577174867
0,0.044968006997211755
1,0.5470965104106105
0,0.007715260707743612
0,0.056793555678334155
0,0.0071703716509864315
0,0.07364350349660634
0,0.042219039902716825
0,0.0358178195755458
0,0.1223911113227
0,0.0016743990493051503
0,0.02884884207377468
0,0.2626489283237861
0,0.23558407977673465
0,0.033943026178284916
0,0.022723937774979854
0,0.02792220072401187
0,0.011378870691069595
1,0.281115165097381
0,0.0968979527697399
0,0.008927006672895706
0,0.047270187551755154
0,0.013421397622146327
0,0.012461715463804375
0,0.06157044427065326
1,0.033806571244822226
0,0.03314748845917341
0,0.05700719378966837
0,0.017580526038217796
0,0.019587946992189076
0,0.02860334465878102
0,0.14218445242189398
0,0.07763439523600024
0,0.039800677524344776
0,0.010310080556827868
0,0.0384907270132914
0,0.015703812755955098
1,0.020717774563707603
0,0.008319172051028396
0,0.08566567232197637
0,0.2690031868078304
0,0.17172750072979026
0,0.08378329021711792
0,0.03296637383921011
0,0.015943884693013204
0,0.06320197875480003
1,0.10970300294155995
0,0.6980376515255635
0,0.0907980816756545
1,0.8793308869869846
0,0.018269087218214564
0,0.030093273123244883
0,0.009686787915605344
0,0.05124173458411208
0,0.030319765314840545
0,0.19772388454083278
0,0.10653552276285574
0,0.05456487953960073
0,0.06863497931406376
0,0.09751926283644877
1,0.8794152915940798
0,0.014923986733832514
0,0.007096408601085383
0,0.007327782942723626
0,0.11426202469475552
0,0.04848113078382753
0,0.06625065615808032
0,0.015808820334572194
0,0.01864666321702041
0,0.04037149175918782
0,0.43567562166042634
0,0.29908618366597867
0,0.07220174721705926
0,0.21677310660737606
0,0.22683479803681494
0,0.03642166256330519
0,0.25751489594729665
0,0.07869291292829002
0,0.033674630893201205
0,0.016581848141378877
0,0.008637819876090358
0,0.05545902946303034
0,0.04481207246117888
0,0.019611504660978652
0,0.09260485461690116
0,0.11571372529401937
0,0.043421195779111334
0,0.04331928131702145
0,0.10369606844380973
0,0.321398350187195
0,0.013862424961304867
0,0.04697663191277649
1,0.8793189501493706
0,0.025634401624574053
0,0.06038029161816062
0,0.027154761178738083
0,0.011675485804807102
0,0.05681145034281873
0,0.021484854117924557
0,0.015223972017848288
0,0.06138310481887192
0,0.018553344009900444
0,0.04570349737788269
1,0.8793371150028637
0,0.00380494328886002
0,0.03967956798403493
0,0.06627998231264454
0,0.06128259963924342
0,0.05052073521096899
1,0.0528198992531366
0,0.116184389486103
0,0.0072870834628679096
0,0.04733449797773382
0,0.03891712122055893
1,0.43350155336435947
0,0.012736437500190543
0,0.018687059941034815
0,0.04819599870916425
0,0.025120972845920818
0,0.0224057797278324
0,0.04851360372312595
0,0.05952112864652747
1,0.6680478577491679
1,0.879267256183938
0,0.22632630187129113
0,0.07479437489113816
1,0.8794192261937301
1,0.8793134833884162
0,0.08898480381903191
0,0.03266487120458096
0,0.2654846875385349
0,0.011014728583887296
0,0.06271402004450878
0,0.03727285912264768
0,0.03361241287861089
0,0.03611156139376873
0,0.002097366279802308
0,0.33063608624098795
0,0.010801480132995964
0,0.1606272005495253
0,0.023091244015235282
0,0.014045885739157648
1,0.8792493542981956
0,0.5301480611686067
0,0.013975078476814864
0,0.03856228868655604
0,0.012266719145628564
0,0.0593890839057631
0,0.018754573836900906
0,0.08098625647873331
0,0.28444613549033354
0,0.03655159030921905
0,0.025221693915185063
0,0.03227010001994938
0,0.035299280448760184
0,0.014683573891778991
0,0.2631493541226774
0,0.22343887217343344
0,0.008103404468247925
0,0.010001202512436058
0,0.027895718517742973
1,0.879427454180356
0,0.19127521053232072
0,0.06861109465052856
0,0.3307643124237549
1,0.8791833630746937
0,0.1838310212442422
0,0.018704045526277087
0,0.023357426228546654
0,0.014162291243412256
0,0.03129785801821941
0,0.012720609100628274
0,0.30441631063370267
0,0.33763622680771505
0,0.0443395176532638
0,0.063436707046148
0,0.022360171616076382
0,0.08675772691321351
0,0.04942089079171628
0,0.030976132066801665
0,0.113899520631321
1,0.8350443313832492
0,0.00665509891071566
0,0.0033711577355211883
0,0.0408999215945468
0,0.06023157729627744
0,0.012470445186448785
0,0.24672337142428677
1,0.7542494095384862
0,0.04374773790064394
0,0.01708039343426342
0,0.042151696054926274
0,0.5599184103578564
0,0.41064793817067147
0,0.035729289411594374
0,0.018347148243029163
0,0.035472596926575686
0,0.022375894792648673
0,0.09203492569153598
1,0.8792201324668268
0,0.03849509147410536
0,0.1390361629414762
0,0.010369647166843217
0,0.21765784542367933
1,0.10970300294155995
1,0.8792574195605112
0,0.30429089796796666
0,0.004472612478386092
0,0.0598424921658817
0,0.0448867295624818
1,0.8793316394523389
0,0.10412268621588885
0,0.19610081195270737
0,0.03890573392567797
0,0.016041857136443374
0,0.03820057267922414
0,0.013807785661053435
0,0.08366039655373006
0,0.11028890559956431
0,0.009365340201066694
0,0.011979340607980272
0,0.029641340514951837
0,0.10733954017857117
0,0.03759735603083497
0,0.006460804072979368
0,0.033371645731179116
0,0.05506870997998406
0,0.07546363643961228
0,0.010447341725211277
0,0.27589877734989454
0,0.033917536837262736
0,0.11710613390327955
0,0.018562402022306464
0,0.034056775926848894
0,0.08516573944919205
0,0.08513472598135581
0,0.06065632260993049
0,0.029904002545132008
0,0.036704809828124844
0,0.07111677892557872
0,0.0038211494359251617
0,0.10079662321410543
0,0.007999501518950783
1,0.40110704902711386
1,0.07232147911481174
0,0.002661137036270378
0,0.059634132769275504
0,0.029615942228027426
1,0.316000396238041
0,0.010647483679806117
1,0.8793589834989403
0,0.3298941891609794
0,0.0061498989216929815
0,0.047765029741476825
0,0.014013588018832715
0,0.6030584637586943
0,0.04061850624012007
0,0.0798990535469805
0,0.25236527793319097
0,0.05101826679592548
0,0.06039303800695916
0,0.007635822936187711
1,0.23222901921585423
0,0.01081508618112221
0,0.024402358433331838
0,0.04632280226497294
0,0.011178980793360702
0,0.05824422262038056
0,0.007535277367645311
0,0.6233368036819062
0,0.10062135706059014
0,0.18297392948393304
0,0.01954647743017843
0,0.0022698219288172844
0,0.015238452350139878
0,0.010289019820144102
0,0.038146154728938654
0,0.08789974964541844
