threshold,precision,recall,specificity,accuracy,f1,mcc,auprc,auroc
-2.9862710907886227,0.2526580861779519,1.0,0.013663220088626292,0.26031570202160065,0.4033951306678579,0.05875477034778083,0.9213587645062322,0.9654479324621196
-2.963856022049493,0.25287034444133294,1.0,0.014771048744460856,0.2611464968152866,0.40366562360303976,0.061115956867020704,0.9213587645062322,0.9654479324621196
-2.941440953310364,0.2531539108494533,1.0,0.01624815361890694,0.2622542232068679,0.4040268456375839,0.06413488623759295,0.9213587645062322,0.9654479324621196
-2.9190258845712345,0.25350926445816957,1.0,0.01809453471196455,0.2636388811963445,0.40447928331466965,0.06772837061042403,0.9213587645062322,0.9654479324621196
-2.896610815832105,0.25379426644182124,1.0,0.019571639586410634,0.2647466075879258,0.40484196368527237,0.07047815201817367,0.9213587645062322,0.9654479324621196
-2.8741957470929758,0.2540084388185654,1.0,0.0206794682422452,0.26557740238161176,0.40511440107671604,0.07247592320081757,0.9213587645062322,0.9654479324621196
-2.851780678353846,0.2543661971830986,1.0,0.022525849335302807,0.26696206037108833,0.40556927913766,0.07569553906103321,0.9213587645062322,0.9654479324621196
-2.8293656096147166,0.2548687552921253,1.0,0.025110782865583457,0.2689005815563556,0.40620782726045884,0.07999971233299583,0.9213587645062322,0.9654479324621196
-2.8069505408755875,0.2551568239615711,1.0,0.026587887740029542,0.27000830794793684,0.40657361548851867,0.08236553278885976,0.9213587645062322,0.9654479324621196
-2.784535472136458,0.2556625141562854,1.0,0.029172821270310192,0.2719468291332041,0.4072153325817362,0.08636201034598177,0.9213587645062322,0.9654479324621196
-2.7621204033973283,0.25624290578887626,1.0,0.03212703101920236,0.27416228191636666,0.4079512084933363,0.09073215407301745,0.9213587645062322,0.9654479324621196
-2.7397053346581988,0.2566799317794201,1.0,0.03434268833087149,0.27582387150373855,0.4085048631531328,0.0938886515926711,0.9213587645062322,0.9654479324621196
-2.7172902659190696,0.25719168328111647,1.0,0.03692762186115214,0.2777623926890058,0.4091526959673765,0.09745500103144156,0.9213587645062322,0.9654479324621196
-2.69487519717994,0.2577054794520548,1.0,0.039512555391432794,0.27970091387427304,0.4098025867937372,0.10090887984476421,0.9213587645062322,0.9654479324621196
-2.672460128440811,0.25807373535295797,1.0,0.0413589364844904,0.28108557186374966,0.4102680599727397,0.10331338358982428,0.9213587645062322,0.9654479324621196
-2.6500450597016814,0.25851703406813625,1.0,0.04357459379615953,0.28274716145112155,0.410828025477707,0.10613564315962368,0.9213587645062322,0.9654479324621196
-2.627629990962552,0.25903614457831325,1.0,0.04615952732644018,0.2846856826363888,0.41148325358851673,0.10934800407048297,0.9213587645062322,0.9654479324621196
-2.605214922223422,0.25970664365832613,1.0,0.04948301329394387,0.2871780670174467,0.4123287671232877,0.11336254805124352,0.9213587645062322,0.9654479324621196
-2.582799853484293,0.2602305475504323,1.0,0.05206794682422452,0.2891165882027139,0.4129887948776584,0.11640305112794398,0.9213587645062322,0.9654479324621196
-2.5603847847451635,0.2613603473227207,1.0,0.05760709010339734,0.2932705621711437,0.41441027994492885,0.12270374516564357,0.9213587645062322,0.9654479324621196
-2.537969716006034,0.2621951219512195,1.0,0.061669128508124074,0.29631680974799224,0.41545893719806765,0.12715873807887926,0.9213587645062322,0.9654479324621196
-2.515554647266905,0.2625763303285839,1.0,0.06351550960118169,0.29770146773746886,0.4159373560571165,0.12914205136216564,0.9213587645062322,0.9654479324621196
-2.4931395785277752,0.26303524614040197,1.0,0.06573116691285082,0.29936305732484075,0.4165129151291513,0.13148997554193081,0.9213587645062322,0.9654479324621196
-2.4707245097886457,0.26403508771929823,1.0,0.0705317577548006,0.3029631680974799,0.417765440666204,0.1364655958320084,0.9213587645062322,0.9654479324621196
-2.4483094410495165,0.2649647887323944,1.0,0.07496307237813885,0.30628634727222376,0.41892832289492,0.1409346466820872,0.9213587645062322,0.9654479324621196
-2.425894372310387,0.2665289256198347,1.0,0.08234859675036928,0.31182497923013014,0.42088091353996737,0.1481495292539836,0.9213587645062322,0.9654479324621196
-2.4034793035712574,0.2679525222551929,1.0,0.08899556868537666,0.3168097479922459,0.4226538731570325,0.15442340204380273,0.9213587645062322,0.9654479324621196
-2.3810642348321283,0.2685901249256395,1.0,0.09194977843426884,0.31902520077540847,0.4234466588511137,0.15715216344850344,0.9213587645062322,0.9654479324621196
-2.3586491660929987,0.2702783597725232,1.0,0.09970457902511078,0.3248407643312102,0.4255419415645617,0.16415842981923548,0.9213587645062322,0.9654479324621196
-2.336234097353869,0.2711711711711712,1.0,0.10376661742983752,0.3278870119080587,0.42664776754075123,0.1677453879453021,0.9213587645062322,0.9654479324621196
-2.3138190286147395,0.2730571514968249,1.0,0.11225997045790251,0.33425643865965105,0.428978622327791,0.1750810890997442,0.9213587645062322,0.9654479324621196
-2.2914039598756104,0.27438468550592526,1.0,0.11816838995568685,0.3386873442259762,0.43061516452074394,0.18006553394454108,0.9213587645062322,0.9654479324621196
-2.268988891136481,0.2756723716381418,0.9988925802879292,0.12481536189069424,0.34339518139019665,0.4320958083832335,0.18367890904357376,0.9213587645062322,0.9654479324621196
-2.2465738223973517,0.2768569674647023,0.9988925802879292,0.12998522895125553,0.3472722237607311,0.433549627493391,0.1879245234008449,0.9213587645062322,0.9654479324621196
-2.224158753658222,0.27839506172839507,0.9988925802879292,0.13663220088626293,0.35225699252284687,0.43543326092203716,0.19329804425960065,0.9213587645062322,0.9654479324621196
-2.2017436849190926,0.28012422360248446,0.9988925802879292,0.14401772525849335,0.35779562448075325,0.4375454765947126,0.1991661087718218,0.9213587645062322,0.9654479324621196
-2.179328616179963,0.28165051578618316,0.9977851605758582,0.15140324963072377,0.3630573248407643,0.439297903461726,0.20321116381852009,0.9213587645062322,0.9654479324621196
-2.156913547440834,0.2839583989914907,0.9977851605758582,0.16100443131462333,0.37025754638604264,0.4421000981354269,0.2106289905499631,0.9213587645062322,0.9654479324621196
-2.1344984787017043,0.2864864864864865,0.9977851605758582,0.17134416543574593,0.3780116311271116,0.4451581027667984,0.21846599148430376,0.9213587645062322,0.9654479324621196
-2.112083409962575,0.2876756066411239,0.9977851605758582,0.1761447562776957,0.3816117418997508,0.4465923172242875,0.22205668960130406,0.9213587645062322,0.9654479324621196
-2.0896683412234456,0.2882334081436358,0.9955703211517165,0.18020679468242246,0.38410412628080864,0.4470412729985082,0.221891313322488,0.9213587645062322,0.9654479324621196
-2.067253272484316,0.28906752411575565,0.9955703211517165,0.18353028064992616,0.3865965106618665,0.44804385746324443,0.2243707258219723,0.9213587645062322,0.9654479324621196
-2.0448382037451864,0.29037467700258396,0.9955703211517165,0.18870014771048743,0.390473553032401,0.4496124031007752,0.22820221500756324,0.9213587645062322,0.9654479324621196
-2.0224231350060573,0.2923177083333333,0.9944629014396457,0.19719350073855244,0.39656604818609803,0.4518238993710692,0.2329091487451508,0.9213587645062322,0.9654479324621196
-2.0000080662669277,0.29355998692383134,0.9944629014396457,0.20199409158050222,0.4001661589587372,0.45330641090358403,0.23641575783716048,0.9213587645062322,0.9654479324621196
-1.9775929975277984,0.29539473684210527,0.9944629014396457,0.20901033973412111,0.40542785931874825,0.4554907430890185,0.24150196143157482,0.9213587645062322,0.9654479324621196
-1.9551779287886688,0.29701986754966886,0.9933554817275747,0.21602658788774004,0.41041262808086404,0.4573030843742034,0.2450814727675381,0.9213587645062322,0.9654479324621196
-1.9327628600495395,0.29989969909729186,0.9933554817275747,0.22673559822747416,0.4184436444198283,0.46070878274268107,0.2527357018221463,0.9213587645062322,0.9654479324621196
-1.91034779131041,0.30191854594412654,0.9933554817275747,0.23412112259970458,0.4239822763777347,0.46308724832214765,0.2579666886426062,0.9213587645062322,0.9654479324621196
-1.8879327225712805,0.3043773328808958,0.9933554817275747,0.2429837518463811,0.4306286347272224,0.465974025974026,0.26419824012709425,0.9213587645062322,0.9654479324621196
-1.8655176538321512,0.30761316872427985,0.9933554817275747,0.25443131462333823,0.4392135142619773,0.46975648075412413,0.2721825031230701,0.9213587645062322,0.9654479324621196
-1.8431025850930218,0.31027326184711174,0.9933554817275747,0.2636632200886263,0.4461368042093603,0.4728518713758566,0.2785753191743444,0.9213587645062322,0.9654479324621196
-1.8206875163538923,0.31297976273551986,0.9933554817275747,0.2728951255539143,0.4530600941567433,0.47598832581586625,0.28493288982193243,0.9213587645062322,0.9654479324621196
-1.798272447614763,0.315511783327471,0.9933554817275747,0.2813884785819793,0.45942952090833566,0.4789108382274426,0.2907550853997242,0.9213587645062322,0.9654479324621196
-1.7758573788756336,0.31840796019900497,0.9922480620155039,0.2917282127031019,0.46690667405150926,0.4821092278719397,0.29652345763672927,0.9213587645062322,0.9654479324621196
-1.753442310136504,0.32207045291157443,0.9922480620155039,0.30354505169867063,0.47576848518415954,0.4862957937584803,0.3045793364087404,0.9213587645062322,0.9654479324621196
-1.7310272413973746,0.3242851972493666,0.9922480620155039,0.31056129985228953,0.4810301855441706,0.4888161483906165,0.30934929781849574,0.9213587645062322,0.9654479324621196
-1.7086121726582453,0.3278448591291621,0.9922480620155039,0.32163958641063517,0.48933813348103017,0.49284928492849284,0.31686579298756234,0.9213587645062322,0.9654479324621196
-1.6861971039191157,0.33026170291190565,0.9922480620155039,0.32902511078286556,0.4948767654389366,0.49557522123893805,0.3218693346180509,0.9213587645062322,0.9654479324621196
-1.6637820351799864,0.3340790454884415,0.9922480620155039,0.34047267355982275,0.5034616449736915,0.499860529986053,0.3296179309213885,0.9213587645062322,0.9654479324621196
-1.6413669664408568,0.33760361718161264,0.9922480620155039,0.35081240768094535,0.5112157297147605,0.5037953331459095,0.3366142172454837,0.9213587645062322,0.9654479324621196
-1.6189518977017274,0.34172387490465295,0.9922480620155039,0.362629246676514,0.5200775408474106,0.5083687943262412,0.3446132301640644,0.9213587645062322,0.9654479324621196
-1.596536828962598,0.34542647626399076,0.991140642303433,0.37370753323485967,0.528108557186375,0.5123068116771609,0.350951086804972,0.9213587645062322,0.9654479324621196
-1.5741217602234685,0.35086342229199374,0.9900332225913622,0.3892171344165436,0.539462752700083,0.5181106925528832,0.36035276548704587,0.9213587645062322,0.9654479324621196
-1.5517066914843392,0.3547619047619048,0.9900332225913622,0.3995568685376662,0.547216837441152,0.5223488168273445,0.3674205660742916,0.9213587645062322,0.9654479324621196
-1.5292916227452098,0.3603385731559855,0.9900332225913622,0.4139586410635155,0.5580171697590696,0.5283687943262412,0.3773012289984364,0.9213587645062322,0.9654479324621196
-1.5068765540060802,0.36654366543665434,0.9900332225913622,0.4294682422451994,0.569648296870673,0.5350089766606823,0.3880002280234402,0.9213587645062322,0.9654479324621196
-1.4844614852669509,0.37003311258278143,0.9900332225913622,0.4379615952732644,0.5760177236222653,0.5387164808677313,0.39388940413527235,0.9213587645062322,0.9654479324621196
-1.4620464165278215,0.37531486146095716,0.9900332225913622,0.4505169867060561,0.5854333979507061,0.5442922374429223,0.4026398884327212,0.9213587645062322,0.9654479324621196
-1.439631347788692,0.38156209987195905,0.9900332225913622,0.46491875923190545,0.5962337302686237,0.5508317929759704,0.41275086805514716,0.9213587645062322,0.9654479324621196
-1.4172162790495626,0.386314421827631,0.9878183831672204,0.47673559822747413,0.6045416782054832,0.5554171855541719,0.41897386494623606,0.9213587645062322,0.9654479324621196
-1.394801210310433,0.3932038834951456,0.9867109634551495,0.49224519940915806,0.6158958737191914,0.5623224992111076,0.4290153941599475,0.9213587645062322,0.9654479324621196
-1.3723861415713037,0.39964077233947015,0.9856035437430787,0.5062776957163959,0.6261423428413182,0.5686900958466453,0.43812729506269255,0.9213587645062322,0.9654479324621196
-1.3499710728321743,0.4043616537937301,0.9856035437430787,0.5158788774002954,0.6333425643865965,0.5734536082474226,0.44514791291360106,0.9213587645062322,0.9654479324621196
-1.3275560040930448,0.41119333950046255,0.9844961240310077,0.5299113737075333,0.6435890335087233,0.5800978792822186,0.454478620078096,0.9213587645062322,0.9654479324621196
-1.3051409353539154,0.4183529411764706,0.9844961240310077,0.5435745937961596,0.6538355026308502,0.5871862615587847,0.4646986590320109,0.9213587645062322,0.9654479324621196
-1.282725866614786,0.42474916387959866,0.9844961240310077,0.5553914327917282,0.6626973137635004,0.5934579439252337,0.4736428910272553,0.9213587645062322,0.9654479324621196
-1.2603107978756565,0.43295953193564113,0.9833887043189369,0.5705317577548006,0.6737745776793133,0.6012186865267434,0.4842509532255449,0.9213587645062322,0.9654479324621196
-1.2378957291365271,0.43895205140879884,0.9833887043189369,0.5808714918759232,0.6815286624203821,0.606971975393028,0.4922938725558629,0.9213587645062322,0.9654479324621196
-1.2154806603973978,0.4457286432160804,0.982281284606866,0.5926883308714919,0.6901135419551371,0.6132042862080885,0.5006048517158581,0.9213587645062322,0.9654479324621196
-1.1930655916582682,0.45412608918503333,0.9811738648947951,0.6067208271787297,0.7003600110772639,0.6208829712683952,0.5108401991539723,0.9213587645062322,0.9654479324621196
-1.1706505229191388,0.4604989604989605,0.9811738648947951,0.6166912850812407,0.7078371642204375,0.6268128758401132,0.5189330950828528,0.9213587645062322,0.9654479324621196
-1.1482354541800095,0.468040147913365,0.9811738648947951,0.628138847858198,0.7164220437551925,0.6337625178826896,0.5283498127100668,0.9213587645062322,0.9654479324621196
-1.12582038544088,0.47811993517017826,0.9800664451827242,0.6432791728212703,0.7274993076710052,0.6427015250544662,0.5400544795018437,0.9213587645062322,0.9654479324621196
-1.1034053167017506,0.48841059602649006,0.9800664451827242,0.6576809453471196,0.7382996399889228,0.6519337016574586,0.5523599951184124,0.9213587645062322,0.9654479324621196
-1.080990247962621,0.49523809523809526,0.9789590254706534,0.6672821270310192,0.7452229299363057,0.6577380952380952,0.5597489900835335,0.9213587645062322,0.9654479324621196
-1.0585751792234916,0.5048654836863194,0.9767441860465116,0.680576070901034,0.7546386042647466,0.6656603773584906,0.5696076521442577,0.9213587645062322,0.9654479324621196
-1.0361601104843623,0.5113438045375218,0.973421926910299,0.689807976366322,0.7607310994184436,0.6704805491990846,0.5750873305093263,0.9213587645062322,0.9654479324621196
-1.0137450417452327,0.5195266272189349,0.9723145071982281,0.7001477104874446,0.7682082525616173,0.677207867335133,0.5836185119401622,0.9213587645062322,0.9654479324621196
-0.9913299730061034,0.5252403846153846,0.9678848283499446,0.7082717872968981,0.773193021323733,0.6809505259057266,0.5874296590115597,0.9213587645062322,0.9654479324621196
-0.968914904266974,0.5352977286678944,0.9656699889258029,0.7204579025110783,0.781777900858488,0.688783570300158,0.5971190295467458,0.9213587645062322,0.9654479324621196
-0.9464998355278444,0.5456821026282853,0.9656699889258029,0.7319054652880355,0.7903627803932428,0.6973210715713715,0.6082037881413145,0.9213587645062322,0.9654479324621196
-0.9240847667887149,0.5532186105799872,0.9612403100775194,0.7411373707533235,0.7961783439490446,0.7022653721682848,0.6136200860192929,0.9213587645062322,0.9654479324621196
-0.9016696980495857,0.5608020698576973,0.9601328903654485,0.7492614475627769,0.8019939075048463,0.708044099632503,0.6208563826217808,0.9213587645062322,0.9654479324621196
-0.8792546293104562,0.5724685638649901,0.9579180509413068,0.7614475627769571,0.8105787870396012,0.7166528583264291,0.6315038461651621,0.9213587645062322,0.9654479324621196
-0.8568395605713266,0.5849695328368314,0.9568106312292359,0.7736336779911374,0.8194405981722515,0.7260504201680672,0.6433804496134741,0.9213587645062322,0.9654479324621196
-0.8344244918321975,0.5980528511821975,0.9523809523809523,0.7865583456425406,0.8280254777070064,0.7347287483981204,0.6536837104648701,0.9213587645062322,0.9654479324621196
-0.8120094230930679,0.6053558844256519,0.9512735326688815,0.793205317577548,0.8327333148712268,0.739879414298019,0.6600990337065153,0.9213587645062322,0.9654479324621196
-0.7895943543539383,0.6172661870503597,0.9501661129568106,0.8035450516986706,0.8402104680144005,0.7483645878761448,0.6707975600598978,0.9213587645062322,0.9654479324621196
-0.7671792856148092,0.6271062271062271,0.9479512735326688,0.8120384047267356,0.8460260315702022,0.7548500881834215,0.6787419588748188,0.9213587645062322,0.9654479324621196
-0.7447642168756796,0.6352154531946508,0.946843853820598,0.818685376661743,0.8507338687344226,0.7603379279679857,0.685604011849676,0.9213587645062322,0.9654479324621196
-0.72234914813655,0.6428033157498116,0.9446290143964563,0.8249630723781388,0.8548878427028523,0.7650224215246637,0.6912661445915464,0.9213587645062322,0.9654479324621196
-0.6999340793974209,0.648854961832061,0.9413067552602437,0.8301329394387001,0.8579340902797009,0.7681879801174876,0.694826269974168,0.9213587645062322,0.9654479324621196
-0.6775190106582913,0.6601866251944012,0.9401993355481728,0.8386262924667651,0.8640265854333979,0.7756966651439013,0.7043304690827035,0.9213587645062322,0.9654479324621196
-0.6551039419191618,0.6666666666666666,0.9390919158361019,0.843426883308715,0.8673497646081418,0.7797701149425287,0.709421454520541,0.9213587645062322,0.9654479324621196
-0.6326888731800326,0.6776,0.937984496124031,0.8511816838995568,0.8728883965660482,0.786809103576405,0.7183459875340089,0.9213587645062322,0.9654479324621196
-0.6102738044409031,0.6825525040387722,0.9357696566998892,0.8548744460856721,0.8751038493492107,0.7893507706679121,0.7213400567944875,0.9213587645062322,0.9654479324621196
-0.5878587357017735,0.6887254901960784,0.9335548172757475,0.8593057607090103,0.877873165328164,0.7926657263751763,0.7253508285701595,0.9213587645062322,0.9654479324621196
-0.5654436669626444,0.7025,0.9335548172757475,0.8681683899556869,0.8845195236776516,0.8017118402282454,0.7370610001172903,0.9213587645062322,0.9654479324621196
-0.5430285982235148,0.7151360544217688,0.9313399778516057,0.8762924667651403,0.890058155635558,0.809042809042809,0.7463264249717403,0.9213587645062322,0.9654479324621196
-0.5206135294843852,0.7216494845360825,0.9302325581395349,0.880354505169867,0.8928274716145113,0.8127721335268505,0.7510595947844887,0.9213587645062322,0.9654479324621196
-0.4981984607452561,0.731408573928259,0.9258028792912514,0.8866322008862629,0.8964275823871504,0.8172043010752689,0.7564168242037167,0.9213587645062322,0.9654479324621196
-0.4757833920061265,0.7348017621145374,0.9235880398671097,0.8888478581979321,0.8975353087787317,0.8184494602551521,0.7578514030766632,0.9213587645062322,0.9654479324621196
-0.45336832326699694,0.7411032028469751,0.9224806201550387,0.8925406203840472,0.9000276931597895,0.8219042920572275,0.7622827360170911,0.9213587645062322,0.9654479324621196
-0.4309532545278678,0.7466307277628033,0.920265780730897,0.895864106351551,0.9019662143450567,0.8244047619047619,0.7653915939607775,0.9213587645062322,0.9654479324621196
-0.40853818578873824,0.7515865820489573,0.9180509413067552,0.8988183161004432,0.9036278039324287,0.8265204386839482,0.7680141731672641,0.9213587645062322,0.9654479324621196
-0.38612311704960867,0.7603305785123967,0.9169435215946844,0.9036189069423929,0.9069509831071725,0.8313253012048193,0.7742716396193856,0.9213587645062322,0.9654479324621196
-0.3637080483104791,0.7666666666666667,0.9169435215946844,0.9069423929098966,0.9094433674882304,0.8350983358547656,0.7792509365018316,0.9213587645062322,0.9654479324621196
-0.34129297957134996,0.7789275634995296,0.9169435215946844,0.9132200886262924,0.9141512046524508,0.8423194303153612,0.788797550805214,0.9213587645062322,0.9654479324621196
-0.3188779108322204,0.7848341232227488,0.9169435215946844,0.9161742983751846,0.9163666574356134,0.8457609805924413,0.7933557514480178,0.9213587645062322,0.9654479324621196
-0.2964628420930908,0.7875598086124402,0.9114064230343301,0.9180206794682423,0.9163666574356134,0.8449691991786448,0.7920634192786434,0.9213587645062322,0.9654479324621196
-0.2740477733539617,0.791907514450867,0.9102990033222591,0.9202363367799113,0.91775131542509,0.8469860896445132,0.7947083060290963,0.9213587645062322,0.9654479324621196
-0.2516327046148321,0.7970873786407767,0.9091915836101883,0.922821270310192,0.9194129050124619,0.8494568028970512,0.7979682768819241,0.9213587645062322,0.9654479324621196
-0.22921763587570254,0.8031496062992126,0.9036544850498339,0.9261447562776958,0.9205206314040432,0.8504429390307452,0.7991452152279891,0.9213587645062322,0.9654479324621196
-0.2068025671365734,0.805940594059406,0.9014396456256921,0.9276218611521418,0.9210744945998338,0.851019341348667,0.7998786289994594,0.9213587645062322,0.9654479324621196
-0.18438749839744384,0.811377245508982,0.9003322259136213,0.9302067946824224,0.9227360841872058,0.8535433070866142,0.8032622293734334,0.9213587645062322,0.9654479324621196
-0.16197242965831427,0.8161616161616162,0.8947951273532669,0.9327917282127031,0.9232899473829964,0.8536714210248283,0.8033978804131066,0.9213587645062322,0.9654479324621196
-0.13955736091918514,0.818089430894309,0.8914728682170543,0.9338995568685377,0.9232899473829964,0.8532061473237944,0.8027689661605876,0.9213587645062322,0.9654479324621196
-0.11714229218005556,0.8205128205128205,0.8859357696566998,0.9353766617429837,0.9230130157851011,0.8519701810436635,0.8011274093619728,0.9213587645062322,0.9654479324621196
-0.09472722344092599,0.8281573498964804,0.8859357696566998,0.9387001477104875,0.925505400166159,0.8560727661851257,0.806731566122843,0.9213587645062322,0.9654479324621196
-0.07231215470179686,0.8349007314524556,0.884828349944629,0.9416543574593796,0.9274439213514262,0.8591397849462366,0.8109527450536456,0.9213587645062322,0.9654479324621196
-0.04989708596266729,0.8389473684210527,0.8826135105204873,0.9435007385524372,0.9282747161451121,0.8602266594711279,0.8125013258058001,0.9213587645062322,0.9654479324621196
-0.027482017223537714,0.8416578108395324,0.8770764119601329,0.9449778434268833,0.9279977845472168,0.8590021691973969,0.8109951268111661,0.9213587645062322,0.9654479324621196
-0.005066948484408584,0.8467309753483387,0.8748615725359912,0.9471935007385525,0.9291055109387981,0.8605664488017429,0.8132480130303186,0.9213587645062322,0.9654479324621196
0.01734812025472099,0.8517316017316018,0.8715393133997785,0.9494091580502215,0.9299363057324841,0.8615216201423098,0.8147310818927753,0.9213587645062322,0.9654479324621196
0.03976318899385056,0.8571428571428571,0.8704318936877077,0.9516248153618907,0.9313209637219607,0.8637362637362638,0.8178742211455817,0.9213587645062322,0.9654479324621196
0.06217825773297969,0.8608981380065718,0.8704318936877077,0.9531019202363368,0.9324286901135419,0.8656387665198237,0.82052776169264,0.9213587645062322,0.9654479324621196
0.08459332647210926,0.8648947951273532,0.8648947951273532,0.9549483013293943,0.9324286901135419,0.8648947951273532,0.8198430964567477,0.9213587645062322,0.9654479324621196
0.10700839521123884,0.867335562987737,0.8615725359911407,0.9560561299852289,0.9324286901135419,0.8644444444444445,0.8194513430374027,0.9213587645062322,0.9654479324621196
0.12942346395036797,0.8720538720538721,0.8604651162790697,0.9579025110782866,0.9335364165051232,0.8662207357859532,0.8220407419009098,0.9213587645062322,0.9654479324621196
0.15183853268949754,0.8768361581920904,0.8593576965669989,0.9597488921713442,0.9346441428967045,0.8680089485458613,0.8246583550356033,0.9213587645062322,0.9654479324621196
0.17425360142862711,0.8825541619156214,0.8571428571428571,0.9619645494830132,0.9357518692882858,0.8696629213483146,0.8271990106844466,0.9213587645062322,0.9654479324621196
0.1966686701677567,0.8895281933256617,0.8560354374307863,0.9645494830132939,0.9374134588756577,0.8724604966139955,0.831281515482428,0.9213587645062322,0.9654479324621196
0.21908373890688582,0.8913294797687862,0.8538205980066446,0.965288035450517,0.9374134588756577,0.8721719457013575,0.8310963757274792,0.9213587645062322,0.9654479324621196
0.2414988076460154,0.8970760233918129,0.8493909191583611,0.9675036927621861,0.9379673220714484,0.8725824800910125,0.8321690753592039,0.9213587645062322,0.9654479324621196
0.26391387638514496,0.901060070671378,0.8471760797342193,0.9689807976366323,0.938521185267239,0.8732876712328768,0.833443506917445,0.9213587645062322,0.9654479324621196
0.2863289451242741,0.9048751486325802,0.8427464008859358,0.9704579025110783,0.938521185267239,0.8727064220183486,0.8331630304282592,0.9213587645062322,0.9654479324621196
0.30874401386340367,0.9085439229843562,0.8361018826135105,0.9719350073855244,0.9379673220714484,0.8708189158016147,0.8313358014001719,0.9213587645062322,0.9654479324621196
0.33115908260253324,0.9116222760290557,0.8338870431893688,0.9730428360413589,0.9382442536693437,0.8710237131289763,0.8319579549345886,0.9213587645062322,0.9654479324621196
0.35357415134166237,0.915129151291513,0.8239202657807309,0.9745199409158051,0.9368595956798671,0.8671328671328671,0.8278306000613123,0.9213587645062322,0.9654479324621196
0.37598922008079194,0.9184177997527813,0.82281284606866,0.9756277695716395,0.9374134588756577,0.8679906542056075,0.8292824980453755,0.9213587645062322,0.9654479324621196
0.3984042888199215,0.9216417910447762,0.8205980066445183,0.9767355982274741,0.9376903904735531,0.8681898066783831,0.8299635946116646,0.9213587645062322,0.9654479324621196
0.42081935755905064,0.9222082810539524,0.813953488372093,0.9771048744460856,0.9363057324840764,0.8647058823529412,0.8260104164255664,0.9213587645062322,0.9654479324621196
0.4432344262981802,0.9253164556962026,0.8095238095238095,0.9782127031019202,0.9360288008861811,0.863555818074424,0.8251522581128456,0.9213587645062322,0.9654479324621196
0.4656494950373098,0.9258312020460358,0.8017718715393134,0.9785819793205317,0.9343672112988092,0.8593471810089021,0.8204269779560197,0.9213587645062322,0.9654479324621196
0.4880645637764389,0.926923076923077,0.8006644518272426,0.9789512555391433,0.9343672112988092,0.8591800356506238,0.8204111415511048,0.9213587645062322,0.9654479324621196
0.5104796325155685,0.929778933680104,0.7918050941306756,0.9800590841949779,0.9329825533093326,0.8552631578947368,0.8164580672435202,0.9213587645062322,0.9654479324621196
0.5328947012546981,0.9329829172141918,0.7862679955703211,0.9811669128508124,0.9324286901135419,0.8533653846153846,0.8148825106622974,0.9213587645062322,0.9654479324621196
0.5553097699938272,0.936,0.7774086378737541,0.982274741506647,0.9310440321240654,0.8493647912885662,0.8109821016030605,0.9213587645062322,0.9654479324621196
0.5777248387329568,0.9377537212449256,0.7674418604651163,0.98301329394387,0.9291055109387981,0.8440925700365408,0.8055240530340627,0.9213587645062322,0.9654479324621196
0.6001399074720863,0.9387755102040817,0.7641196013289037,0.9833825701624815,0.9285516477430075,0.8424908424908425,0.8039750167189416,0.9213587645062322,0.9654479324621196
0.6225549762112155,0.9409340659340659,0.7585825027685493,0.9841211225997046,0.9277208529493215,0.8399754751686083,0.8016701963603621,0.9213587645062322,0.9654479324621196
0.644970044950345,0.9416666666666667,0.7508305647840532,0.9844903988183161,0.9260592633619495,0.8354898336414048,0.7969936455348028,0.9213587645062322,0.9654479324621196
0.6673851136894746,0.9437412095639943,0.743078626799557,0.9852289512555391,0.924674605372473,0.8314745972738538,0.793138870818933,0.9213587645062322,0.9654479324621196
0.6898001824286037,0.9471428571428572,0.7342192691029901,0.9863367799113737,0.9232899473829964,0.827199001871491,0.7893431615728216,0.9213587645062322,0.9654479324621196
0.7122152511677333,0.9492753623188406,0.7253599114064231,0.9870753323485968,0.9216283577956245,0.8223477715003139,0.7847354587702338,0.9213587645062322,0.9654479324621196
0.7346303199068629,0.9516129032258065,0.7187153931339978,0.9878138847858198,0.9205206314040432,0.8189274447949527,0.7817114896838028,0.9213587645062322,0.9654479324621196
0.7570453886459925,0.9510385756676558,0.7098560354374308,0.9878138847858198,0.9183051786208807,0.8129359543436906,0.7754187220126104,0.9213587645062322,0.9654479324621196
0.7794604573851216,0.9575113808801214,0.698781838316722,0.9896602658788775,0.9169205206314041,0.8079385403329066,0.7718532632740915,0.9213587645062322,0.9654479324621196
0.8018755261242512,0.956989247311828,0.689922480620155,0.9896602658788775,0.9147050678482415,0.8018018018018018,0.7655511260912995,0.9213587645062322,0.9654479324621196
0.8242905948633807,0.9575471698113207,0.6744186046511628,0.990029542097489,0.9111049570756024,0.7914230019493177,0.7553656938415595,0.9213587645062322,0.9654479324621196
0.8467056636025099,0.961352657004831,0.6611295681063123,0.9911373707533235,0.9086125726945444,0.7834645669291339,0.7485351124149077,0.9213587645062322,0.9654479324621196
0.8691207323416394,0.9622950819672131,0.6500553709856035,0.991506646971935,0.9061201883134866,0.7759418374091209,0.7414962084967935,0.9213587645062322,0.9654479324621196
0.891535801080769,0.9632107023411371,0.6378737541528239,0.9918759231905465,0.9033508723345334,0.7674883411059293,0.7336450657849399,0.9213587645062322,0.9654479324621196
0.9139508698198981,0.9657534246575342,0.6245847176079734,0.9926144756277696,0.9005815563555801,0.7585743106926698,0.7259068938042017,0.9213587645062322,0.9654479324621196
0.9363659385590277,0.9667832167832168,0.6124031007751938,0.9929837518463811,0.897812240376627,0.7498305084745762,0.7180221233813129,0.9213587645062322,0.9654479324621196
0.9587810072981573,0.9695885509838998,0.6002214839424141,0.9937223042836041,0.8953198559955691,0.7414500683994528,0.7110749528850859,0.9213587645062322,0.9654479324621196
0.9811960760372864,0.9740740740740741,0.5825027685492802,0.9948301329394387,0.89171974522293,0.729036729036729,0.701064094761121,0.9213587645062322,0.9654479324621196
1.003611144776416,0.9606741573033708,0.3787375415282392,0.9948301329394387,0.8407643312101911,0.5432883240667196,0.5426714808196679,0.9213587645062322,0.9654479324621196
1.0260262135155451,0.9590643274853801,0.36323366555924697,0.9948301329394387,0.8368872888396566,0.5269076305220883,0.5295513827425896,0.9213587645062322,0.9654479324621196
1.0484412822546747,0.9659442724458205,0.34551495016611294,0.9959379615952733,0.8332871780670175,0.5089722675367048,0.5181217934081861,0.9213587645062322,0.9654479324621196
1.0708563509938043,0.9671052631578947,0.32558139534883723,0.9963072378138847,0.8285793409027971,0.4871582435791218,0.5020187715450285,0.9213587645062322,0.9654479324621196
1.0932714197329338,0.9754385964912281,0.3078626799557032,0.9974150664697193,0.8249792301301578,0.468013468013468,0.4903202161217364,0.9213587645062322,0.9654479324621196
1.1156864884720634,0.9735849056603774,0.2857142857142857,0.9974150664697193,0.8194405981722515,0.4417808219178082,0.4701832949952257,0.9213587645062322,0.9654479324621196
1.138101557211193,0.9717741935483871,0.26688815060908083,0.9974150664697193,0.814732761008031,0.41876629018245004,0.45256543407706645,0.9213587645062322,0.9654479324621196
1.1605166259503217,0.9681818181818181,0.23588039867109634,0.9974150664697193,0.8069786762669621,0.37934105075690117,0.4223760328779143,0.9213587645062322,0.9654479324621196
1.1829316946894513,0.9702970297029703,0.21705426356589147,0.9977843426883308,0.802547770700637,0.3547511312217195,0.40484739215611465,0.9213587645062322,0.9654479324621196
1.2053467634285808,0.9664804469273743,0.19158361018826134,0.9977843426883308,0.7961783439490446,0.3197781885397412,0.37781094444695795,0.9213587645062322,0.9654479324621196
1.2277618321677104,0.9693251533742331,0.17497231450719822,0.9981536189069424,0.7923013015785101,0.2964352720450281,0.3611211313362278,0.9213587645062322,0.9654479324621196
1.25017690090684,0.972027972027972,0.1539313399778516,0.9985228951255539,0.7873165328163944,0.26577437858508607,0.33853231834710973,0.9213587645062322,0.9654479324621196
1.2725919696459695,0.9841269841269841,0.13732004429678848,0.9992614475627769,0.7837164220437552,0.24101068999028183,0.3223097130680423,0.9213587645062322,0.9654479324621196
1.2950070383850982,0.990990990990991,0.12181616832779624,0.9996307237813885,0.780116311271116,0.21696252465483234,0.30469063018629045,0.9213587645062322,0.9654479324621196
1.3174221071242278,0.9888888888888889,0.09856035437430787,0.9996307237813885,0.7743007477153143,0.17925478348439072,0.2727633191686581,0.9213587645062322,0.9654479324621196
1.3398371758633574,0.9876543209876543,0.08859357696567,0.9996307237813885,0.7718083633342564,0.16260162601626016,0.25800407649454926,0.9213587645062322,0.9654479324621196
1.362252244602487,0.9850746268656716,0.07308970099667775,0.9996307237813885,0.767931320963722,0.1360824742268041,0.23336748951577907,0.9213587645062322,0.9654479324621196
1.3846673133416165,0.9833333333333333,0.06533776301218161,0.9996307237813885,0.7659927997784547,0.122533748701973,0.22009997609322896,0.9213587645062322,0.9654479324621196
1.407082382080746,0.9814814814814815,0.058693244739756366,0.9996307237813885,0.7643312101910829,0.11076280041797283,0.20810209844907765,0.9213587645062322,0.9654479324621196
1.4294974508198748,0.9782608695652174,0.04983388704318937,0.9996307237813885,0.7621157574079203,0.09483667017913593,0.1910091265916318,0.9213587645062322,0.9654479324621196
1.4519125195590044,0.9736842105263158,0.04097452934662237,0.9996307237813885,0.7599003046247577,0.07863974495217853,0.17232255329622723,0.9213587645062322,0.9654479324621196
1.4743275882981337,0.972972972972973,0.03986710963455149,0.9996307237813885,0.7596233730268623,0.07659574468085106,0.16984913633355517,0.9213587645062322,0.9654479324621196
